Indicator,SpatialDimValueCode,Location,Period,FactValueNumeric
Specialist medical practitioners (number),GNB,Guinea-Bissau,2022,10
Specialist medical practitioners (number),CPV,Cabo Verde,2022,108
Specialist medical practitioners (number),NZL,New Zealand,2022,11739
Specialist medical practitioners (number),LBR,Liberia,2022,114
Specialist medical practitioners (number),CMR,Cameroon,2022,1289
Specialist medical practitioners (number),SWZ,Eswatini,2022,1289
Specialist medical practitioners (number),GHA,Ghana,2022,1382
Specialist medical practitioners (number),IRQ,Iraq,2022,14216
Specialist medical practitioners (number),MWI,Malawi,2022,141
Specialist medical practitioners (number),MNE,Montenegro,2022,1411
Specialist medical practitioners (number),SEN,Senegal,2022,1485
Specialist medical practitioners (number),BRB,Barbados,2022,15
Specialist medical practitioners (number),UGA,Uganda,2022,1572
Specialist medical practitioners (number),GBR,United Kingdom of Great Britain and Northern Ireland,2022,159663
Specialist medical practitioners (number),BTN,Bhutan,2022,169
Specialist medical practitioners (number),GEO,Georgia,2022,17942
Specialist medical practitioners (number),KEN,Kenya,2022,1973
Specialist medical practitioners (number),TZA,United Republic of Tanzania,2022,1992
Specialist medical practitioners (number),ITA,Italy,2022,202676
Specialist medical practitioners (number),ISR,Israel,2022,23934
Specialist medical practitioners (number),PER,Peru,2022,25290
Specialist medical practitioners (number),COG,Congo,2022,255
Specialist medical practitioners (number),AUT,Austria,2022,27464
Specialist medical practitioners (number),SLE,Sierra Leone,2022,28
Specialist medical practitioners (number),GIN,Guinea,2022,296
Specialist medical practitioners (number),NER,Niger,2022,298
Specialist medical practitioners (number),TCD,Chad,2022,310
Specialist medical practitioners (number),CHL,Chile,2022,32558
Specialist medical practitioners (number),SYC,Seychelles,2022,346
Specialist medical practitioners (number),MUS,Mauritius,2022,348
Specialist medical practitioners (number),AGO,Angola,2022,3915
Specialist medical practitioners (number),TGO,Togo,2022,399
Specialist medical practitioners (number),IDN,Indonesia,2022,44486
Specialist medical practitioners (number),ETH,Ethiopia,2022,4467
Specialist medical practitioners (number),NGA,Nigeria,2022,462
Specialist medical practitioners (number),SLV,El Salvador,2022,4631
Specialist medical practitioners (number),CAN,Canada,2022,47821
Specialist medical practitioners (number),OMN,Oman,2022,4763
Specialist medical practitioners (number),MRT,Mauritania,2022,502
Specialist medical practitioners (number),CIV,Cote d'Ivoire,2022,518
Specialist medical practitioners (number),GAB,Gabon,2022,527
Specialist medical practitioners (number),ZMB,Zambia,2022,534
Specialist medical practitioners (number),CRI,Costa Rica,2022,5676
Specialist medical practitioners (number),GNQ,Equatorial Guinea,2022,57
Specialist medical practitioners (number),NAM,Namibia,2022,58
Specialist medical practitioners (number),LSO,Lesotho,2022,66
Specialist medical practitioners (number),ZWE,Zimbabwe,2022,676
Specialist medical practitioners (number),MOZ,Mozambique,2022,756
Specialist medical practitioners (number),SAU,Saudi Arabia,2022,81528
Specialist medical practitioners (number),MLI,Mali,2022,845
Specialist medical practitioners (number),BEN,Benin,2022,855
Specialist medical practitioners (number),ISL,Iceland,2022,863
Specialist medical practitioners (number),BWA,Botswana,2022,94
Specialist medical practitioners (number),BFA,Burkina Faso,2022,951
Specialist medical practitioners (number),URY,Uruguay,2022,9783
Specialist medical practitioners (number),USA,United States of America,2021,1078271
Specialist medical practitioners (number),ERI,Eritrea,2021,10
Specialist medical practitioners (number),BFA,Burkina Faso,2021,1001
Specialist medical practitioners (number),NZL,New Zealand,2021,11341
Specialist medical practitioners (number),HRV,Croatia,2021,11411
Specialist medical practitioners (number),NOR,Norway,2021,11879
Specialist medical practitioners (number),GMB,Gambia,2021,113
Specialist medical practitioners (number),GHA,Ghana,2021,1135
Specialist medical practitioners (number),BWA,Botswana,2021,114
Specialist medical practitioners (number),FRA,France,2021,121996
Specialist medical practitioners (number),SEN,Senegal,2021,1220
Specialist medical practitioners (number),TUR,Türkiye,2021,123270
Specialist medical practitioners (number),IRQ,Iraq,2021,13810
Specialist medical practitioners (number),ESP,Spain,2021,131634
Specialist medical practitioners (number),BRB,Barbados,2021,14
Specialist medical practitioners (number),SLV,El Salvador,2021,14977
Specialist medical practitioners (number),MNE,Montenegro,2021,1417
Specialist medical practitioners (number),GBR,United Kingdom of Great Britain and Northern Ireland,2021,158855
Specialist medical practitioners (number),BTN,Bhutan,2021,169
Specialist medical practitioners (number),GEO,Georgia,2021,17137
Specialist medical practitioners (number),SUR,Suriname,2021,172
Specialist medical practitioners (number),PER,Peru,2021,19379
Specialist medical practitioners (number),ITA,Italy,2021,194142
Specialist medical practitioners (number),KEN,Kenya,2021,1951
Specialist medical practitioners (number),MEX,Mexico,2021,209288
Specialist medical practitioners (number),ISR,Israel,2021,22049
Specialist medical practitioners (number),PNG,Papua New Guinea,2021,220
Specialist medical practitioners (number),BEL,Belgium,2021,23157
Specialist medical practitioners (number),CHE,Switzerland,2021,23573
Specialist medical practitioners (number),BGR,Bulgaria,2021,25439
Specialist medical practitioners (number),HUN,Hungary,2021,25449
Specialist medical practitioners (number),AUT,Austria,2021,26932
Specialist medical practitioners (number),TCD,Chad,2021,260
Specialist medical practitioners (number),PRT,Portugal,2021,28550
Specialist medical practitioners (number),ETH,Ethiopia,2021,2813
Specialist medical practitioners (number),CHL,Chile,2021,29804
Specialist medical practitioners (number),DEU,Germany,2021,290745
Specialist medical practitioners (number),COL,Colombia,2021,31386
Specialist medical practitioners (number),CIV,Cote d'Ivoire,2021,328
Specialist medical practitioners (number),LKA,Sri Lanka,2021,3296
Specialist medical practitioners (number),EST,Estonia,2021,3412
Specialist medical practitioners (number),PAN,Panama,2021,3428
Specialist medical practitioners (number),CZE,Czechia,2021,35450
Specialist medical practitioners (number),TGO,Togo,2021,357
Specialist medical practitioners (number),NLD,Netherlands (Kingdom of the),2021,36316
Specialist medical practitioners (number),CAF,Central African Republic,2021,4
Specialist medical practitioners (number),MRT,Mauritania,2021,438
Specialist medical practitioners (number),OMN,Oman,2021,4458
Specialist medical practitioners (number),CAN,Canada,2021,46661
Specialist medical practitioners (number),IDN,Indonesia,2021,48208
Specialist medical practitioners (number),LVA,Latvia,2021,4880
Specialist medical practitioners (number),AUS,Australia,2021,50341
Specialist medical practitioners (number),ROU,Romania,2021,51949
Specialist medical practitioners (number),BOL,Bolivia (Plurinational State of),2021,5237
Specialist medical practitioners (number),SVN,Slovenia,2021,5383
Specialist medical practitioners (number),GRC,Greece,2021,54726
Specialist medical practitioners (number),CRI,Costa Rica,2021,5492
Specialist medical practitioners (number),SAU,Saudi Arabia,2021,68333
Specialist medical practitioners (number),LAO,Lao People's Democratic Republic,2021,690
Specialist medical practitioners (number),MDA,Republic of Moldova,2021,7884
Specialist medical practitioners (number),MOZ,Mozambique,2021,804
Specialist medical practitioners (number),ISL,Iceland,2021,830
Specialist medical practitioners (number),IRL,Ireland,2021,8513
Specialist medical practitioners (number),BDI,Burundi,2021,87
Specialist medical practitioners (number),LBR,Liberia,2021,87
Specialist medical practitioners (number),NPL,Nepal,2021,8862
Specialist medical practitioners (number),CMR,Cameroon,2021,897
Specialist medical practitioners (number),GNB,Guinea-Bissau,2021,9
Specialist medical practitioners (number),TKM,Turkmenistan,2021,9008
Specialist medical practitioners (number),TUN,Tunisia,2021,9045
Specialist medical practitioners (number),KOR,Republic of Korea,2021,94565
Specialist medical practitioners (number),BEN,Benin,2021,958
Specialist medical practitioners (number),POL,Poland,2021,96484
Specialist medical practitioners (number),URY,Uruguay,2021,9631
Specialist medical practitioners (number),LTU,Lithuania,2021,9662
Specialist medical practitioners (number),PLW,Palau,2020,1
Specialist medical practitioners (number),USA,United States of America,2020,1058559
Specialist medical practitioners (number),GNB,Guinea-Bissau,2020,10
Specialist medical practitioners (number),NZL,New Zealand,2020,10939
Specialist medical practitioners (number),SEN,Senegal,2020,1076
Specialist medical practitioners (number),DNK,Denmark,2020,11059
Specialist medical practitioners (number),HRV,Croatia,2020,11135
Specialist medical practitioners (number),NOR,Norway,2020,11538
Specialist medical practitioners (number),COM,Comoros,2020,113
Specialist medical practitioners (number),TUR,Türkiye,2020,115151
Specialist medical practitioners (number),TON,Tonga,2020,12
Specialist medical practitioners (number),FIN,Finland,2020,12283
Specialist medical practitioners (number),IRQ,Iraq,2020,12807
Specialist medical practitioners (number),FRA,France,2020,120293
Specialist medical practitioners (number),BWA,Botswana,2020,122
Specialist medical practitioners (number),ESP,Spain,2020,126115
Specialist medical practitioners (number),BTN,Bhutan,2020,130
Specialist medical practitioners (number),BRB,Barbados,2020,14
Specialist medical practitioners (number),MNE,Montenegro,2020,1405
Specialist medical practitioners (number),GBR,United Kingdom of Great Britain and Northern Ireland,2020,151873
Specialist medical practitioners (number),GEO,Georgia,2020,16159
Specialist medical practitioners (number),ITA,Italy,2020,187490
Specialist medical practitioners (number),MEX,Mexico,2020,194894
Specialist medical practitioners (number),FSM,Micronesia (Federated States of),2020,21
Specialist medical practitioners (number),ISR,Israel,2020,21294
Specialist medical practitioners (number),TCD,Chad,2020,219
Specialist medical practitioners (number),BEL,Belgium,2020,22890
Specialist medical practitioners (number),SWE,Sweden,2020,22903
Specialist medical practitioners (number),CHE,Switzerland,2020,23028
Specialist medical practitioners (number),HUN,Hungary,2020,24085
Specialist medical practitioners (number),BGR,Bulgaria,2020,25482
Specialist medical practitioners (number),AUT,Austria,2020,26158
Specialist medical practitioners (number),PRT,Portugal,2020,27728
Specialist medical practitioners (number),LKA,Sri Lanka,2020,2700
Specialist medical practitioners (number),CHL,Chile,2020,28187
Specialist medical practitioners (number),ETH,Ethiopia,2020,2813
Specialist medical practitioners (number),DEU,Germany,2020,286085
Specialist medical practitioners (number),SWZ,Eswatini,2020,29
Specialist medical practitioners (number),COL,Colombia,2020,29971
Specialist medical practitioners (number),TUV,Tuvalu,2020,3
Specialist medical practitioners (number),MWI,Malawi,2020,319
Specialist medical practitioners (number),IDN,Indonesia,2020,32418
Specialist medical practitioners (number),PAN,Panama,2020,3269
Specialist medical practitioners (number),BOL,Bolivia (Plurinational State of),2020,3308
Specialist medical practitioners (number),TGO,Togo,2020,331
Specialist medical practitioners (number),ALB,Albania,2020,3316
Specialist medical practitioners (number),CZE,Czechia,2020,35433
Specialist medical practitioners (number),NLD,Netherlands (Kingdom of the),2020,35892
Specialist medical practitioners (number),EST,Estonia,2020,3542
Specialist medical practitioners (number),MRT,Mauritania,2020,402
Specialist medical practitioners (number),OMN,Oman,2020,4326
Specialist medical practitioners (number),CAN,Canada,2020,45376
Specialist medical practitioners (number),AUS,Australia,2020,48577
Specialist medical practitioners (number),ROU,Romania,2020,48987
Specialist medical practitioners (number),LVA,Latvia,2020,4930
Specialist medical practitioners (number),LBR,Liberia,2020,52
Specialist medical practitioners (number),CRI,Costa Rica,2020,5293
Specialist medical practitioners (number),GRC,Greece,2020,53807
Specialist medical practitioners (number),SVN,Slovenia,2020,5311
Specialist medical practitioners (number),GTM,Guatemala,2020,5640
Specialist medical practitioners (number),TLS,Timor-Leste,2020,60
Specialist medical practitioners (number),SLE,Sierra Leone,2020,61
Specialist medical practitioners (number),LAO,Lao People's Democratic Republic,2020,701
Specialist medical practitioners (number),SSD,South Sudan,2020,73
Specialist medical practitioners (number),GMB,Gambia,2020,74
Specialist medical practitioners (number),SAU,Saudi Arabia,2020,74003
Specialist medical practitioners (number),IRL,Ireland,2020,7871
Specialist medical practitioners (number),ISL,Iceland,2020,822
Specialist medical practitioners (number),NPL,Nepal,2020,8315
Specialist medical practitioners (number),GAB,Gabon,2020,835
Specialist medical practitioners (number),TKM,Turkmenistan,2020,8952
Specialist medical practitioners (number),TUN,Tunisia,2020,8962
Specialist medical practitioners (number),WSM,Samoa,2020,9
Specialist medical practitioners (number),MOZ,Mozambique,2020,918
Specialist medical practitioners (number),CMR,Cameroon,2020,919
Specialist medical practitioners (number),POL,Poland,2020,93411
Specialist medical practitioners (number),KOR,Republic of Korea,2020,94565
Specialist medical practitioners (number),BFA,Burkina Faso,2020,973
Specialist medical practitioners (number),LTU,Lithuania,2020,9801
Specialist medical practitioners (number),USA,United States of America,2019,1041165
Specialist medical practitioners (number),DNK,Denmark,2019,10836
Specialist medical practitioners (number),HRV,Croatia,2019,10923
Specialist medical practitioners (number),GHA,Ghana,2019,1055
Specialist medical practitioners (number),BWA,Botswana,2019,107
Specialist medical practitioners (number),TUR,Türkiye,2019,108530
Specialist medical practitioners (number),SEN,Senegal,2019,1082
Specialist medical practitioners (number),NOR,Norway,2019,11217
Specialist medical practitioners (number),FIN,Finland,2019,11952
Specialist medical practitioners (number),FRA,France,2019,118747
Specialist medical practitioners (number),IRQ,Iraq,2019,12273
Specialist medical practitioners (number),BTN,Bhutan,2019,122
Specialist medical practitioners (number),ESP,Spain,2019,122791
Specialist medical practitioners (number),MNE,Montenegro,2019,1398
Specialist medical practitioners (number),DZA,Algeria,2019,14580
Specialist medical practitioners (number),GBR,United Kingdom of Great Britain and Northern Ireland,2019,145367
Specialist medical practitioners (number),TTO,Trinidad and Tobago,2019,1649
Specialist medical practitioners (number),ITA,Italy,2019,189390
Specialist medical practitioners (number),MEX,Mexico,2019,197882
Specialist medical practitioners (number),ISR,Israel,2019,20450
Specialist medical practitioners (number),TCD,Chad,2019,202
Specialist medical practitioners (number),GEO,Georgia,2019,21519
Specialist medical practitioners (number),BEL,Belgium,2019,22450
Specialist medical practitioners (number),CHE,Switzerland,2019,22557
Specialist medical practitioners (number),SWE,Sweden,2019,22822
Specialist medical practitioners (number),SLE,Sierra Leone,2019,25
Specialist medical practitioners (number),BGR,Bulgaria,2019,25294
Specialist medical practitioners (number),AUT,Austria,2019,25389
Specialist medical practitioners (number),CHL,Chile,2019,26601
Specialist medical practitioners (number),HUN,Hungary,2019,26742
Specialist medical practitioners (number),PRT,Portugal,2019,26998
Specialist medical practitioners (number),LKA,Sri Lanka,2019,2605
Specialist medical practitioners (number),ALB,Albania,2019,2729
Specialist medical practitioners (number),COL,Colombia,2019,28523
Specialist medical practitioners (number),DEU,Germany,2019,282699
Specialist medical practitioners (number),PAN,Panama,2019,3269
Specialist medical practitioners (number),CZE,Czechia,2019,34601
Specialist medical practitioners (number),LBR,Liberia,2019,35
Specialist medical practitioners (number),NLD,Netherlands (Kingdom of the),2019,35014
Specialist medical practitioners (number),EST,Estonia,2019,3501
Specialist medical practitioners (number),MRT,Mauritania,2019,364
Specialist medical practitioners (number),BOL,Bolivia (Plurinational State of),2019,3678
Specialist medical practitioners (number),TGO,Togo,2019,397
Specialist medical practitioners (number),TLS,Timor-Leste,2019,40
Specialist medical practitioners (number),EGY,Egypt,2019,42979
Specialist medical practitioners (number),OMN,Oman,2019,4357
Specialist medical practitioners (number),CAN,Canada,2019,45243
Specialist medical practitioners (number),ROU,Romania,2019,46639
Specialist medical practitioners (number),AUS,Australia,2019,46768
Specialist medical practitioners (number),PAK,Pakistan,2019,47834
Specialist medical practitioners (number),LVA,Latvia,2019,4884
Specialist medical practitioners (number),MDV,Maldives,2019,493
Specialist medical practitioners (number),CRI,Costa Rica,2019,5115
Specialist medical practitioners (number),SVN,Slovenia,2019,5190
Specialist medical practitioners (number),GRC,Greece,2019,54049
Specialist medical practitioners (number),MDA,Republic of Moldova,2019,5613
Specialist medical practitioners (number),BRA,Brazil,2019,65383
Specialist medical practitioners (number),IDN,Indonesia,2019,65873
Specialist medical practitioners (number),LAO,Lao People's Democratic Republic,2019,669
Specialist medical practitioners (number),SSD,South Sudan,2019,68
Specialist medical practitioners (number),IRL,Ireland,2019,7298
Specialist medical practitioners (number),ARM,Armenia,2019,7371
Specialist medical practitioners (number),TUN,Tunisia,2019,7725
Specialist medical practitioners (number),NPL,Nepal,2019,7758
Specialist medical practitioners (number),GMB,Gambia,2019,81
Specialist medical practitioners (number),ISL,Iceland,2019,817
Specialist medical practitioners (number),DOM,Dominican Republic,2019,8333
Specialist medical practitioners (number),GAB,Gabon,2019,851
Specialist medical practitioners (number),MOZ,Mozambique,2019,855
Specialist medical practitioners (number),PNG,Papua New Guinea,2019,86
Specialist medical practitioners (number),TKM,Turkmenistan,2019,8772
Specialist medical practitioners (number),BFA,Burkina Faso,2019,884
Specialist medical practitioners (number),POL,Poland,2019,92111
Specialist medical practitioners (number),KOR,Republic of Korea,2019,92522
Specialist medical practitioners (number),NZL,New Zealand,2019,9754
Specialist medical practitioners (number),LTU,Lithuania,2019,9885
Specialist medical practitioners (number),DNK,Denmark,2018,10559
Specialist medical practitioners (number),HRV,Croatia,2018,10568
Specialist medical practitioners (number),NOR,Norway,2018,10854
Specialist medical practitioners (number),MLI,Mali,2018,1037
Specialist medical practitioners (number),TUR,Türkiye,2018,104440
Specialist medical practitioners (number),GHA,Ghana,2018,1090
Specialist medical practitioners (number),TTO,Trinidad and Tobago,2018,1098
Specialist medical practitioners (number),FIN,Finland,2018,11749
Specialist medical practitioners (number),BTN,Bhutan,2018,110
Specialist medical practitioners (number),SYC,Seychelles,2018,115
Specialist medical practitioners (number),FRA,France,2018,116410
Specialist medical practitioners (number),GMB,Gambia,2018,117
Specialist medical practitioners (number),BWA,Botswana,2018,118
Specialist medical practitioners (number),AIA,Anguilla,2018,12
Specialist medical practitioners (number),ERI,Eritrea,2018,120
Specialist medical practitioners (number),MUS,Mauritius,2018,1207
Specialist medical practitioners (number),ESP,Spain,2018,121744
Specialist medical practitioners (number),CIV,Cote d'Ivoire,2018,1356
Specialist medical practitioners (number),GIN,Guinea,2018,138
Specialist medical practitioners (number),GBR,United Kingdom of Great Britain and Northern Ireland,2018,138726
Specialist medical practitioners (number),MNE,Montenegro,2018,1394
Specialist medical practitioners (number),ZAF,South Africa,2018,14192
Specialist medical practitioners (number),TCD,Chad,2018,157
Specialist medical practitioners (number),MWI,Malawi,2018,178
Specialist medical practitioners (number),LSO,Lesotho,2018,183
Specialist medical practitioners (number),ITA,Italy,2018,187303
Specialist medical practitioners (number),ISR,Israel,2018,19788
Specialist medical practitioners (number),MEX,Mexico,2018,197818
Specialist medical practitioners (number),LBR,Liberia,2018,21
Specialist medical practitioners (number),BEL,Belgium,2018,22062
Specialist medical practitioners (number),CHE,Switzerland,2018,22196
Specialist medical practitioners (number),GEO,Georgia,2018,22346
Specialist medical practitioners (number),NIC,Nicaragua,2018,2243
Specialist medical practitioners (number),SWE,Sweden,2018,23020
Specialist medical practitioners (number),AUT,Austria,2018,23246
Specialist medical practitioners (number),CHL,Chile,2018,23490
Specialist medical practitioners (number),LKA,Sri Lanka,2018,2316
Specialist medical practitioners (number),KEN,Kenya,2018,2440
Specialist medical practitioners (number),BGR,Bulgaria,2018,25303
Specialist medical practitioners (number),HUN,Hungary,2018,25903
Specialist medical practitioners (number),ETH,Ethiopia,2018,2528
Specialist medical practitioners (number),PRT,Portugal,2018,26814
Specialist medical practitioners (number),COL,Colombia,2018,27128
Specialist medical practitioners (number),COG,Congo,2018,275
Specialist medical practitioners (number),DEU,Germany,2018,276623
Specialist medical practitioners (number),CPV,Cabo Verde,2018,287
Specialist medical practitioners (number),PSE,"occupied Palestinian territory, including east Jerusalem",2018,2910
Specialist medical practitioners (number),NGA,Nigeria,2018,3035
Specialist medical practitioners (number),PAN,Panama,2018,3183
Specialist medical practitioners (number),TLS,Timor-Leste,2018,33
Specialist medical practitioners (number),GNB,Guinea-Bissau,2018,34
Specialist medical practitioners (number),NLD,Netherlands (Kingdom of the),2018,34549
Specialist medical practitioners (number),LBN,Lebanon,2018,3414
Specialist medical practitioners (number),JAM,Jamaica,2018,348
Specialist medical practitioners (number),EST,Estonia,2018,3508
Specialist medical practitioners (number),AGO,Angola,2018,3550
Specialist medical practitioners (number),MRT,Mauritania,2018,363
Specialist medical practitioners (number),MDV,Maldives,2018,366
Specialist medical practitioners (number),DZA,Algeria,2018,39830
Specialist medical practitioners (number),TGO,Togo,2018,392
Specialist medical practitioners (number),OMN,Oman,2018,4174
Specialist medical practitioners (number),IRN,Iran (Islamic Republic of),2018,43304
Specialist medical practitioners (number),ROU,Romania,2018,44442
Specialist medical practitioners (number),AUS,Australia,2018,45820
Specialist medical practitioners (number),TZA,United Republic of Tanzania,2018,451
Specialist medical practitioners (number),QAT,Qatar,2018,4937
Specialist medical practitioners (number),LVA,Latvia,2018,4956
Specialist medical practitioners (number),CRI,Costa Rica,2018,4973
Specialist medical practitioners (number),SVN,Slovenia,2018,5012
Specialist medical practitioners (number),IDN,Indonesia,2018,53671
Specialist medical practitioners (number),RWA,Rwanda,2018,534
Specialist medical practitioners (number),GRC,Greece,2018,55161
Specialist medical practitioners (number),BEN,Benin,2018,562
Specialist medical practitioners (number),ZWE,Zimbabwe,2018,619
Specialist medical practitioners (number),LAO,Lao People's Democratic Republic,2018,621
Specialist medical practitioners (number),NPL,Nepal,2018,6383
Specialist medical practitioners (number),SLE,Sierra Leone,2018,66
Specialist medical practitioners (number),SWZ,Eswatini,2018,67
Specialist medical practitioners (number),SAU,Saudi Arabia,2018,68170
Specialist medical practitioners (number),POL,Poland,2018,69722
Specialist medical practitioners (number),IRL,Ireland,2018,6977
Specialist medical practitioners (number),ARM,Armenia,2018,7009
Specialist medical practitioners (number),CAF,Central African Republic,2018,72
Specialist medical practitioners (number),SSD,South Sudan,2018,73
Specialist medical practitioners (number),MOZ,Mozambique,2018,778
Specialist medical practitioners (number),GAB,Gabon,2018,798
Specialist medical practitioners (number),ISL,Iceland,2018,802
Specialist medical practitioners (number),TKM,Turkmenistan,2018,8498
Specialist medical practitioners (number),CMR,Cameroon,2018,859
Specialist medical practitioners (number),KOR,Republic of Korea,2018,89747
Specialist medical practitioners (number),COM,Comoros,2018,90
Specialist medical practitioners (number),NZL,New Zealand,2018,9062
Specialist medical practitioners (number),BFA,Burkina Faso,2018,952
Specialist medical practitioners (number),LTU,Lithuania,2018,9997
Specialist medical practitioners (number),DNK,Denmark,2017,10362
Specialist medical practitioners (number),NOR,Norway,2017,10481
Specialist medical practitioners (number),HRV,Croatia,2017,10564
Specialist medical practitioners (number),TUR,Türkiye,2017,101998
Specialist medical practitioners (number),FIN,Finland,2017,11753
Specialist medical practitioners (number),FRA,France,2017,115642
Specialist medical practitioners (number),ESP,Spain,2017,118356
Specialist medical practitioners (number),LUX,Luxembourg,2017,1246
Specialist medical practitioners (number),GBR,United Kingdom of Great Britain and Northern Ireland,2017,136097
Specialist medical practitioners (number),HND,Honduras,2017,1365
Specialist medical practitioners (number),MAR,Morocco,2017,16909
Specialist medical practitioners (number),GEO,Georgia,2017,18417
Specialist medical practitioners (number),ITA,Italy,2017,187821
Specialist medical practitioners (number),MEX,Mexico,2017,189741
Specialist medical practitioners (number),ISR,Israel,2017,19216
Specialist medical practitioners (number),BEL,Belgium,2017,21630
Specialist medical practitioners (number),CHE,Switzerland,2017,21658
Specialist medical practitioners (number),SUR,Suriname,2017,211
Specialist medical practitioners (number),CHL,Chile,2017,22095
Specialist medical practitioners (number),SWE,Sweden,2017,22687
Specialist medical practitioners (number),LKA,Sri Lanka,2017,2226
Specialist medical practitioners (number),AUT,Austria,2017,23988
Specialist medical practitioners (number),BGR,Bulgaria,2017,25210
Specialist medical practitioners (number),COL,Colombia,2017,25258
Specialist medical practitioners (number),HUN,Hungary,2017,25615
Specialist medical practitioners (number),PRT,Portugal,2017,25642
Specialist medical practitioners (number),DEU,Germany,2017,271196
Specialist medical practitioners (number),PSE,"occupied Palestinian territory, including east Jerusalem",2017,2863
Specialist medical practitioners (number),BRA,Brazil,2017,296177
Specialist medical practitioners (number),PAN,Panama,2017,3024
Specialist medical practitioners (number),TLS,Timor-Leste,2017,33
Specialist medical practitioners (number),NLD,Netherlands (Kingdom of the),2017,34000
Specialist medical practitioners (number),EST,Estonia,2017,3510
Specialist medical practitioners (number),TGO,Togo,2017,353
Specialist medical practitioners (number),MDV,Maldives,2017,368
Specialist medical practitioners (number),IRN,Iran (Islamic Republic of),2017,39127
Specialist medical practitioners (number),OMN,Oman,2017,4035
Specialist medical practitioners (number),ROU,Romania,2017,42309
Specialist medical practitioners (number),LBY,Libya,2017,4391
Specialist medical practitioners (number),AUS,Australia,2017,44304
Specialist medical practitioners (number),ZWE,Zimbabwe,2017,446
Specialist medical practitioners (number),SVN,Slovenia,2017,4758
Specialist medical practitioners (number),CRI,Costa Rica,2017,4775
Specialist medical practitioners (number),LVA,Latvia,2017,4811
Specialist medical practitioners (number),LAO,Lao People's Democratic Republic,2017,497
Specialist medical practitioners (number),GRC,Greece,2017,53258
Specialist medical practitioners (number),RWA,Rwanda,2017,534
Specialist medical practitioners (number),IDN,Indonesia,2017,54316
Specialist medical practitioners (number),NPL,Nepal,2017,6079
Specialist medical practitioners (number),MOZ,Mozambique,2017,625
Specialist medical practitioners (number),BTN,Bhutan,2017,67
Specialist medical practitioners (number),IRL,Ireland,2017,6861
Specialist medical practitioners (number),ARM,Armenia,2017,7025
Specialist medical practitioners (number),BFA,Burkina Faso,2017,738
Specialist medical practitioners (number),POL,Poland,2017,74376
Specialist medical practitioners (number),ISL,Iceland,2017,796
Specialist medical practitioners (number),GMB,Gambia,2017,80
Specialist medical practitioners (number),PRK,Democratic People's Republic of Korea,2017,80553
Specialist medical practitioners (number),TKM,Turkmenistan,2017,8337
Specialist medical practitioners (number),GAB,Gabon,2017,838
Specialist medical practitioners (number),TUN,Tunisia,2017,8401
Specialist medical practitioners (number),GHA,Ghana,2017,861
Specialist medical practitioners (number),KOR,Republic of Korea,2017,87978
Specialist medical practitioners (number),NZL,New Zealand,2017,8797
Specialist medical practitioners (number),LTU,Lithuania,2017,9916
Specialist medical practitioners (number),DNK,Denmark,2016,10097
Specialist medical practitioners (number),HRV,Croatia,2016,10098
Specialist medical practitioners (number),FIN,Finland,2016,11456
Specialist medical practitioners (number),FRA,France,2016,114405
Specialist medical practitioners (number),ESP,Spain,2016,117141
Specialist medical practitioners (number),LUX,Luxembourg,2016,1178
Specialist medical practitioners (number),MDV,Maldives,2016,121
Specialist medical practitioners (number),SYC,Seychelles,2016,121
Specialist medical practitioners (number),THA,Thailand,2016,13492
Specialist medical practitioners (number),GBR,United Kingdom of Great Britain and Northern Ireland,2016,132657
Specialist medical practitioners (number),GNB,Guinea-Bissau,2016,14
Specialist medical practitioners (number),GEO,Georgia,2016,17307
Specialist medical practitioners (number),ISR,Israel,2016,18669
Specialist medical practitioners (number),MEX,Mexico,2016,180569
Specialist medical practitioners (number),ITA,Italy,2016,185579
Specialist medical practitioners (number),CHL,Chile,2016,20960
Specialist medical practitioners (number),CHE,Switzerland,2016,20993
Specialist medical practitioners (number),SUR,Suriname,2016,203
Specialist medical practitioners (number),BEL,Belgium,2016,21424
Specialist medical practitioners (number),LKA,Sri Lanka,2016,2102
Specialist medical practitioners (number),SWE,Sweden,2016,22314
Specialist medical practitioners (number),AUT,Austria,2016,23621
Specialist medical practitioners (number),COL,Colombia,2016,23640
Specialist medical practitioners (number),HND,Honduras,2016,2370
Specialist medical practitioners (number),BGR,Bulgaria,2016,24661
Specialist medical practitioners (number),PRT,Portugal,2016,24905
Specialist medical practitioners (number),COG,Congo,2016,261
Specialist medical practitioners (number),DEU,Germany,2016,265751
Specialist medical practitioners (number),PAN,Panama,2016,2950
Specialist medical practitioners (number),RWA,Rwanda,2016,324
Specialist medical practitioners (number),NLD,Netherlands (Kingdom of the),2016,33173
Specialist medical practitioners (number),EST,Estonia,2016,3487
Specialist medical practitioners (number),JAM,Jamaica,2016,372
Specialist medical practitioners (number),OMN,Oman,2016,3851
Specialist medical practitioners (number),ROU,Romania,2016,40764
Specialist medical practitioners (number),AUS,Australia,2016,43036
Specialist medical practitioners (number),ZWE,Zimbabwe,2016,446
Specialist medical practitioners (number),SVN,Slovenia,2016,4514
Specialist medical practitioners (number),LAO,Lao People's Democratic Republic,2016,457
Specialist medical practitioners (number),CRI,Costa Rica,2016,4594
Specialist medical practitioners (number),LVA,Latvia,2016,4883
Specialist medical practitioners (number),SGP,Singapore,2016,5047
Specialist medical practitioners (number),GRC,Greece,2016,52839
Specialist medical practitioners (number),IRL,Ireland,2016,6627
Specialist medical practitioners (number),ARM,Armenia,2016,6937
Specialist medical practitioners (number),POL,Poland,2016,75678
Specialist medical practitioners (number),TUN,Tunisia,2016,7755
Specialist medical practitioners (number),TKM,Turkmenistan,2016,8107
Specialist medical practitioners (number),ISL,Iceland,2016,818
Specialist medical practitioners (number),NZL,New Zealand,2016,8189
Specialist medical practitioners (number),KOR,Republic of Korea,2016,85707
Specialist medical practitioners (number),URY,Uruguay,2016,8524
Specialist medical practitioners (number),SEN,Senegal,2016,887
Specialist medical practitioners (number),IRQ,Iraq,2016,9020
Specialist medical practitioners (number),NOR,Norway,2016,9756
Specialist medical practitioners (number),TUR,Türkiye,2016,98720
Specialist medical practitioners (number),LTU,Lithuania,2016,9939
Specialist medical practitioners (number),HRV,Croatia,2015,10182
Specialist medical practitioners (number),FIN,Finland,2015,11351
Specialist medical practitioners (number),FRA,France,2015,112918
Specialist medical practitioners (number),ESP,Spain,2015,115392
Specialist medical practitioners (number),LUX,Luxembourg,2015,1158
Specialist medical practitioners (number),MNE,Montenegro,2015,1217
Specialist medical practitioners (number),GBR,United Kingdom of Great Britain and Northern Ireland,2015,130719
Specialist medical practitioners (number),GEO,Georgia,2015,15001
Specialist medical practitioners (number),SRB,Serbia,2015,15601
Specialist medical practitioners (number),ITA,Italy,2015,179492
Specialist medical practitioners (number),ISR,Israel,2015,18213
Specialist medical practitioners (number),MEX,Mexico,2015,182218
Specialist medical practitioners (number),SUR,Suriname,2015,184
Specialist medical practitioners (number),LKA,Sri Lanka,2015,1882
Specialist medical practitioners (number),CHL,Chile,2015,19812
Specialist medical practitioners (number),CHE,Switzerland,2015,20313
Specialist medical practitioners (number),BEL,Belgium,2015,20881
Specialist medical practitioners (number),SWE,Sweden,2015,21988
Specialist medical practitioners (number),COL,Colombia,2015,22138
Specialist medical practitioners (number),AUT,Austria,2015,23475
Specialist medical practitioners (number),CYP,Cyprus,2015,2311
Specialist medical practitioners (number),PRT,Portugal,2015,24296
Specialist medical practitioners (number),BGR,Bulgaria,2015,24490
Specialist medical practitioners (number),RWA,Rwanda,2015,242
Specialist medical practitioners (number),DEU,Germany,2015,259928
Specialist medical practitioners (number),TGO,Togo,2015,264
Specialist medical practitioners (number),PAN,Panama,2015,2953
Specialist medical practitioners (number),NLD,Netherlands (Kingdom of the),2015,32654
Specialist medical practitioners (number),JAM,Jamaica,2015,323
Specialist medical practitioners (number),EST,Estonia,2015,3440
Specialist medical practitioners (number),OMN,Oman,2015,3794
Specialist medical practitioners (number),CAF,Central African Republic,2015,38
Specialist medical practitioners (number),ROU,Romania,2015,39537
Specialist medical practitioners (number),AUS,Australia,2015,40944
Specialist medical practitioners (number),BDI,Burundi,2015,41
Specialist medical practitioners (number),SVN,Slovenia,2015,4272
Specialist medical practitioners (number),CRI,Costa Rica,2015,4330
Specialist medical practitioners (number),ZWE,Zimbabwe,2015,446
Specialist medical practitioners (number),IDN,Indonesia,2015,47605
Specialist medical practitioners (number),LVA,Latvia,2015,4945
Specialist medical practitioners (number),GRC,Greece,2015,51596
Specialist medical practitioners (number),BIH,Bosnia and Herzegovina,2015,5419
Specialist medical practitioners (number),IRL,Ireland,2015,6011
Specialist medical practitioners (number),LAO,Lao People's Democratic Republic,2015,611
Specialist medical practitioners (number),ARM,Armenia,2015,7028
Specialist medical practitioners (number),ISL,Iceland,2015,725
Specialist medical practitioners (number),POL,Poland,2015,73819
Specialist medical practitioners (number),NZL,New Zealand,2015,7609
Specialist medical practitioners (number),TKM,Turkmenistan,2015,8016
Specialist medical practitioners (number),KOR,Republic of Korea,2015,83456
Specialist medical practitioners (number),MDA,Republic of Moldova,2015,8385
Specialist medical practitioners (number),IRQ,Iraq,2015,8547
Specialist medical practitioners (number),MLT,Malta,2015,891
Specialist medical practitioners (number),NOR,Norway,2015,9443
Specialist medical practitioners (number),TUR,Türkiye,2015,96613
Specialist medical practitioners (number),LTU,Lithuania,2015,9786
Specialist medical practitioners (number),DNK,Denmark,2015,9869
Specialist medical practitioners (number),FIN,Finland,2014,10887
Specialist medical practitioners (number),FRA,France,2014,111246
Specialist medical practitioners (number),LUX,Luxembourg,2014,1113
Specialist medical practitioners (number),MNE,Montenegro,2014,1125
Specialist medical practitioners (number),ESP,Spain,2014,113206
Specialist medical practitioners (number),UKR,Ukraine,2014,118737
Specialist medical practitioners (number),GBR,United Kingdom of Great Britain and Northern Ireland,2014,127025
Specialist medical practitioners (number),GEO,Georgia,2014,14513
Specialist medical practitioners (number),SRB,Serbia,2014,15460
Specialist medical practitioners (number),MEX,Mexico,2014,173390
Specialist medical practitioners (number),LKA,Sri Lanka,2014,1731
Specialist medical practitioners (number),RWA,Rwanda,2014,174
Specialist medical practitioners (number),AZE,Azerbaijan,2014,18405
Specialist medical practitioners (number),ISR,Israel,2014,18461
Specialist medical practitioners (number),CHL,Chile,2014,18778
Specialist medical practitioners (number),ITA,Italy,2014,182426
Specialist medical practitioners (number),CHE,Switzerland,2014,19639
Specialist medical practitioners (number),BEL,Belgium,2014,20389
Specialist medical practitioners (number),COL,Colombia,2014,20756
Specialist medical practitioners (number),SWE,Sweden,2014,21615
Specialist medical practitioners (number),AUT,Austria,2014,22665
Specialist medical practitioners (number),CYP,Cyprus,2014,2200
Specialist medical practitioners (number),ZWE,Zimbabwe,2014,227
Specialist medical practitioners (number),MCO,Monaco,2014,229
Specialist medical practitioners (number),PRT,Portugal,2014,23725
Specialist medical practitioners (number),BGR,Bulgaria,2014,24030
Specialist medical practitioners (number),DEU,Germany,2014,252485
Specialist medical practitioners (number),MDV,Maldives,2014,306
Specialist medical practitioners (number),JAM,Jamaica,2014,309
Specialist medical practitioners (number),NLD,Netherlands (Kingdom of the),2014,32151
Specialist medical practitioners (number),EST,Estonia,2014,3361
Specialist medical practitioners (number),BRN,Brunei Darussalam,2014,357
Specialist medical practitioners (number),OMN,Oman,2014,3639
Specialist medical practitioners (number),ROU,Romania,2014,37980
Specialist medical practitioners (number),KHM,Cambodia,2014,376
Specialist medical practitioners (number),AUS,Australia,2014,39253
Specialist medical practitioners (number),SVN,Slovenia,2014,4278
Specialist medical practitioners (number),LVA,Latvia,2014,5018
Specialist medical practitioners (number),GRC,Greece,2014,51520
Specialist medical practitioners (number),BDI,Burundi,2014,53
Specialist medical practitioners (number),BIH,Bosnia and Herzegovina,2014,5627
Specialist medical practitioners (number),UZB,Uzbekistan,2014,57279
Specialist medical practitioners (number),IRL,Ireland,2014,5753
Specialist medical practitioners (number),LAO,Lao People's Democratic Republic,2014,610
Specialist medical practitioners (number),KAZ,Kazakhstan,2014,62621
Specialist medical practitioners (number),NZL,New Zealand,2014,6687
Specialist medical practitioners (number),ARM,Armenia,2014,6932
Specialist medical practitioners (number),ISL,Iceland,2014,722
Specialist medical practitioners (number),POL,Poland,2014,73943
Specialist medical practitioners (number),TKM,Turkmenistan,2014,7954
Specialist medical practitioners (number),MLT,Malta,2014,798
Specialist medical practitioners (number),KOR,Republic of Korea,2014,81395
Specialist medical practitioners (number),MDA,Republic of Moldova,2014,8352
Specialist medical practitioners (number),NOR,Norway,2014,9203
Specialist medical practitioners (number),IRQ,Iraq,2014,9216
Specialist medical practitioners (number),TZA,United Republic of Tanzania,2014,929
Specialist medical practitioners (number),TUR,Türkiye,2014,94074
Specialist medical practitioners (number),DNK,Denmark,2014,9606
Specialist medical practitioners (number),HRV,Croatia,2014,9800
Specialist medical practitioners (number),LTU,Lithuania,2014,9862
Specialist medical practitioners (number),FIN,Finland,2013,10720
Specialist medical practitioners (number),LUX,Luxembourg,2013,1070
Specialist medical practitioners (number),FRA,France,2013,109701
Specialist medical practitioners (number),MNE,Montenegro,2013,1107
Specialist medical practitioners (number),ESP,Spain,2013,112464
Specialist medical practitioners (number),GBR,United Kingdom of Great Britain and Northern Ireland,2013,124110
Specialist medical practitioners (number),GEO,Georgia,2013,14314
Specialist medical practitioners (number),UKR,Ukraine,2013,140633
Specialist medical practitioners (number),SRB,Serbia,2013,15768
Specialist medical practitioners (number),LKA,Sri Lanka,2013,1554
Specialist medical practitioners (number),CHL,Chile,2013,16972
Specialist medical practitioners (number),MEX,Mexico,2013,165475
Specialist medical practitioners (number),ISR,Israel,2013,18094
Specialist medical practitioners (number),AZE,Azerbaijan,2013,18433
Specialist medical practitioners (number),CHE,Switzerland,2013,18945
Specialist medical practitioners (number),ITA,Italy,2013,181393
Specialist medical practitioners (number),TON,Tonga,2013,19
Specialist medical practitioners (number),COL,Colombia,2013,19454
Specialist medical practitioners (number),BEL,Belgium,2013,20108
Specialist medical practitioners (number),ALB,Albania,2013,2087
Specialist medical practitioners (number),SWE,Sweden,2013,21189
Specialist medical practitioners (number),AUT,Austria,2013,21978
Specialist medical practitioners (number),PRT,Portugal,2013,23266
Specialist medical practitioners (number),BGR,Bulgaria,2013,23972
Specialist medical practitioners (number),MCO,Monaco,2013,232
Specialist medical practitioners (number),DEU,Germany,2013,246799
Specialist medical practitioners (number),JAM,Jamaica,2013,293
Specialist medical practitioners (number),NLD,Netherlands (Kingdom of the),2013,31183
Specialist medical practitioners (number),CZE,Czechia,2013,31405
Specialist medical practitioners (number),MWI,Malawi,2013,32
Specialist medical practitioners (number),EST,Estonia,2013,3343
Specialist medical practitioners (number),AUS,Australia,2013,36765
Specialist medical practitioners (number),ROU,Romania,2013,36905
Specialist medical practitioners (number),MKD,North Macedonia,2013,3787
Specialist medical practitioners (number),SVN,Slovenia,2013,4087
Specialist medical practitioners (number),GRC,Greece,2013,41783
Specialist medical practitioners (number),MDG,Madagascar,2013,495
Specialist medical practitioners (number),RWA,Rwanda,2013,495
Specialist medical practitioners (number),LVA,Latvia,2013,5066
Specialist medical practitioners (number),BIH,Bosnia and Herzegovina,2013,5500
Specialist medical practitioners (number),UZB,Uzbekistan,2013,57943
Specialist medical practitioners (number),NZL,New Zealand,2013,6009
Specialist medical practitioners (number),KAZ,Kazakhstan,2013,62035
Specialist medical practitioners (number),BDI,Burundi,2013,68
Specialist medical practitioners (number),ARM,Armenia,2013,6885
Specialist medical practitioners (number),ISL,Iceland,2013,706
Specialist medical practitioners (number),MLT,Malta,2013,708
Specialist medical practitioners (number),POL,Poland,2013,72400
Specialist medical practitioners (number),IRL,Ireland,2013,7346
Specialist medical practitioners (number),TKM,Turkmenistan,2013,7717
Specialist medical practitioners (number),KOR,Republic of Korea,2013,79157
Specialist medical practitioners (number),MDA,Republic of Moldova,2013,8406
Specialist medical practitioners (number),NOR,Norway,2013,8765
Specialist medical practitioners (number),LAO,Lao People's Democratic Republic,2013,915
Specialist medical practitioners (number),TUR,Türkiye,2013,92735
Specialist medical practitioners (number),DNK,Denmark,2013,9366
Specialist medical practitioners (number),HRV,Croatia,2013,9571
Specialist medical practitioners (number),LTU,Lithuania,2013,9941
Specialist medical practitioners (number),FIN,Finland,2012,10483
Specialist medical practitioners (number),LUX,Luxembourg,2012,1048
Specialist medical practitioners (number),MNE,Montenegro,2012,1072
Specialist medical practitioners (number),FRA,France,2012,108210
Specialist medical practitioners (number),ESP,Spain,2012,112699
Specialist medical practitioners (number),GBR,United Kingdom of Great Britain and Northern Ireland,2012,122061
Specialist medical practitioners (number),GEO,Georgia,2012,14063
Specialist medical practitioners (number),UKR,Ukraine,2012,141846
Specialist medical practitioners (number),LKA,Sri Lanka,2012,1449
Specialist medical practitioners (number),CHL,Chile,2012,15426
Specialist medical practitioners (number),SRB,Serbia,2012,15820
Specialist medical practitioners (number),MEX,Mexico,2012,158675
Specialist medical practitioners (number),IDN,Indonesia,2012,16597
Specialist medical practitioners (number),ISR,Israel,2012,17800
Specialist medical practitioners (number),CHE,Switzerland,2012,17958
Specialist medical practitioners (number),ITA,Italy,2012,176627
Specialist medical practitioners (number),COL,Colombia,2012,18302
Specialist medical practitioners (number),AZE,Azerbaijan,2012,18592
Specialist medical practitioners (number),MCO,Monaco,2012,187
Specialist medical practitioners (number),BEL,Belgium,2012,19831
Specialist medical practitioners (number),SWE,Sweden,2012,20579
Specialist medical practitioners (number),AUT,Austria,2012,20915
Specialist medical practitioners (number),ALB,Albania,2012,2093
Specialist medical practitioners (number),SLB,Solomon Islands,2012,21
Specialist medical practitioners (number),PRT,Portugal,2012,22465
Specialist medical practitioners (number),BDI,Burundi,2012,23
Specialist medical practitioners (number),BGR,Bulgaria,2012,23516
Specialist medical practitioners (number),DEU,Germany,2012,242000
Specialist medical practitioners (number),JAM,Jamaica,2012,280
Specialist medical practitioners (number),NLD,Netherlands (Kingdom of the),2012,30376
Specialist medical practitioners (number),EST,Estonia,2012,3000
Specialist medical practitioners (number),CZE,Czechia,2012,31238
Specialist medical practitioners (number),AUS,Australia,2012,34895
Specialist medical practitioners (number),ROU,Romania,2012,35621
Specialist medical practitioners (number),MKD,North Macedonia,2012,3692
Specialist medical practitioners (number),SVN,Slovenia,2012,3948
Specialist medical practitioners (number),GRC,Greece,2012,41116
Specialist medical practitioners (number),LVA,Latvia,2012,5058
Specialist medical practitioners (number),BIH,Bosnia and Herzegovina,2012,5339
Specialist medical practitioners (number),UZB,Uzbekistan,2012,58890
Specialist medical practitioners (number),NZL,New Zealand,2012,5807
Specialist medical practitioners (number),KAZ,Kazakhstan,2012,60272
Specialist medical practitioners (number),MLT,Malta,2012,659
Specialist medical practitioners (number),ARM,Armenia,2012,6801
Specialist medical practitioners (number),IRL,Ireland,2012,6835
Specialist medical practitioners (number),ISL,Iceland,2012,703
Specialist medical practitioners (number),POL,Poland,2012,72380
Specialist medical practitioners (number),KOR,Republic of Korea,2012,75183
Specialist medical practitioners (number),TKM,Turkmenistan,2012,7609
Specialist medical practitioners (number),MDA,Republic of Moldova,2012,7980
Specialist medical practitioners (number),NOR,Norway,2012,8484
Specialist medical practitioners (number),LAO,Lao People's Democratic Republic,2012,858
Specialist medical practitioners (number),TUR,Türkiye,2012,88371
Specialist medical practitioners (number),DNK,Denmark,2012,9117
Specialist medical practitioners (number),HRV,Croatia,2012,9401
Specialist medical practitioners (number),LTU,Lithuania,2012,9907
Specialist medical practitioners (number),FIN,Finland,2011,10398
Specialist medical practitioners (number),LUX,Luxembourg,2011,1010
Specialist medical practitioners (number),FRA,France,2011,106402
Specialist medical practitioners (number),MNE,Montenegro,2011,1069
Specialist medical practitioners (number),ESP,Spain,2011,108759
Specialist medical practitioners (number),CHL,Chile,2011,12450
Specialist medical practitioners (number),GBR,United Kingdom of Great Britain and Northern Ireland,2011,120479
Specialist medical practitioners (number),LKA,Sri Lanka,2011,1398
Specialist medical practitioners (number),UKR,Ukraine,2011,143093
Specialist medical practitioners (number),GEO,Georgia,2011,15093
Specialist medical practitioners (number),SRB,Serbia,2011,15682
Specialist medical practitioners (number),MEX,Mexico,2011,155977
Specialist medical practitioners (number),CHE,Switzerland,2011,17086
Specialist medical practitioners (number),COL,Colombia,2011,17283
Specialist medical practitioners (number),ISR,Israel,2011,17423
Specialist medical practitioners (number),ITA,Italy,2011,177625
Specialist medical practitioners (number),AZE,Azerbaijan,2011,18512
Specialist medical practitioners (number),MCO,Monaco,2011,180
Specialist medical practitioners (number),BEL,Belgium,2011,19492
Specialist medical practitioners (number),SWE,Sweden,2011,20107
Specialist medical practitioners (number),AUT,Austria,2011,20350
Specialist medical practitioners (number),COG,Congo,2011,200
Specialist medical practitioners (number),ALB,Albania,2011,2038
Specialist medical practitioners (number),PRT,Portugal,2011,21606
Specialist medical practitioners (number),BGR,Bulgaria,2011,23416
Specialist medical practitioners (number),DEU,Germany,2011,235971
Specialist medical practitioners (number),NLD,Netherlands (Kingdom of the),2011,28994
Specialist medical practitioners (number),CZE,Czechia,2011,30802
Specialist medical practitioners (number),EST,Estonia,2011,3011
Specialist medical practitioners (number),ROU,Romania,2011,33435
Specialist medical practitioners (number),MKD,North Macedonia,2011,3716
Specialist medical practitioners (number),BEN,Benin,2011,389
Specialist medical practitioners (number),SVN,Slovenia,2011,3921
Specialist medical practitioners (number),BDI,Burundi,2011,40
Specialist medical practitioners (number),GRC,Greece,2011,40396
Specialist medical practitioners (number),CMR,Cameroon,2011,422
Specialist medical practitioners (number),LVA,Latvia,2011,5128
Specialist medical practitioners (number),BIH,Bosnia and Herzegovina,2011,5209
Specialist medical practitioners (number),NZL,New Zealand,2011,5861
Specialist medical practitioners (number),UZB,Uzbekistan,2011,59773
Specialist medical practitioners (number),KAZ,Kazakhstan,2011,59956
Specialist medical practitioners (number),MLT,Malta,2011,620
Specialist medical practitioners (number),ARM,Armenia,2011,6668
Specialist medical practitioners (number),POL,Poland,2011,69696
Specialist medical practitioners (number),ISL,Iceland,2011,697
Specialist medical practitioners (number),KOR,Republic of Korea,2011,72355
Specialist medical practitioners (number),TKM,Turkmenistan,2011,7380
Specialist medical practitioners (number),IRL,Ireland,2011,7429
Specialist medical practitioners (number),MDA,Republic of Moldova,2011,7971
Specialist medical practitioners (number),TUR,Türkiye,2011,84189
Specialist medical practitioners (number),NOR,Norway,2011,8449
Specialist medical practitioners (number),SLE,Sierra Leone,2011,86
Specialist medical practitioners (number),DNK,Denmark,2011,8907
Specialist medical practitioners (number),HRV,Croatia,2011,9191
Specialist medical practitioners (number),LTU,Lithuania,2011,9728
Specialist medical practitioners (number),FIN,Finland,2010,10305
Specialist medical practitioners (number),ESP,Spain,2010,107542
Specialist medical practitioners (number),FRA,France,2010,108870
Specialist medical practitioners (number),MNE,Montenegro,2010,1081
Specialist medical practitioners (number),GBR,United Kingdom of Great Britain and Northern Ireland,2010,118033
Specialist medical practitioners (number),HND,Honduras,2010,1213
Specialist medical practitioners (number),UKR,Ukraine,2010,143405
Specialist medical practitioners (number),MEX,Mexico,2010,146313
Specialist medical practitioners (number),GEO,Georgia,2010,15081
Specialist medical practitioners (number),SRB,Serbia,2010,15285
Specialist medical practitioners (number),ISR,Israel,2010,16990
Specialist medical practitioners (number),ITA,Italy,2010,173440
Specialist medical practitioners (number),AZE,Azerbaijan,2010,19026
Specialist medical practitioners (number),BEL,Belgium,2010,19153
Specialist medical practitioners (number),CHE,Switzerland,2010,19198
Specialist medical practitioners (number),SWE,Sweden,2010,19553
Specialist medical practitioners (number),AUT,Austria,2010,19930
Specialist medical practitioners (number),PRT,Portugal,2010,20956
Specialist medical practitioners (number),ALB,Albania,2010,2020
Specialist medical practitioners (number),MRT,Mauritania,2010,209
Specialist medical practitioners (number),BGR,Bulgaria,2010,22908
Specialist medical practitioners (number),DEU,Germany,2010,229532
Specialist medical practitioners (number),NLD,Netherlands (Kingdom of the),2010,28394
Specialist medical practitioners (number),EST,Estonia,2010,2962
Specialist medical practitioners (number),CZE,Czechia,2010,30292
Specialist medical practitioners (number),ZWE,Zimbabwe,2010,318
Specialist medical practitioners (number),ROU,Romania,2010,32568
Specialist medical practitioners (number),BEN,Benin,2010,353
Specialist medical practitioners (number),MKD,North Macedonia,2010,3718
Specialist medical practitioners (number),SVN,Slovenia,2010,3773
Specialist medical practitioners (number),GRC,Greece,2010,39552
Specialist medical practitioners (number),BIH,Bosnia and Herzegovina,2010,5106
Specialist medical practitioners (number),LVA,Latvia,2010,5206
Specialist medical practitioners (number),NZL,New Zealand,2010,5577
Specialist medical practitioners (number),KAZ,Kazakhstan,2010,58729
Specialist medical practitioners (number),UZB,Uzbekistan,2010,60408
Specialist medical practitioners (number),MLT,Malta,2010,614
Specialist medical practitioners (number),IRL,Ireland,2010,6346
Specialist medical practitioners (number),POL,Poland,2010,65717
Specialist medical practitioners (number),ARM,Armenia,2010,6597
Specialist medical practitioners (number),KOR,Republic of Korea,2010,71090
Specialist medical practitioners (number),TKM,Turkmenistan,2010,7131
Specialist medical practitioners (number),ISL,Iceland,2010,714
Specialist medical practitioners (number),BDI,Burundi,2010,75
Specialist medical practitioners (number),MDA,Republic of Moldova,2010,7829
Specialist medical practitioners (number),NOR,Norway,2010,8151
Specialist medical practitioners (number),TUR,Türkiye,2010,82370
Specialist medical practitioners (number),LTU,Lithuania,2010,8285
Specialist medical practitioners (number),DNK,Denmark,2010,8753
Specialist medical practitioners (number),LAO,Lao People's Democratic Republic,2010,890
Specialist medical practitioners (number),HRV,Croatia,2010,8954
Specialist medical practitioners (number),CHL,Chile,2010,9389
Specialist medical practitioners (number),LUX,Luxembourg,2010,992
Specialist medical practitioners (number),FRA,France,2009,107374
Specialist medical practitioners (number),ESP,Spain,2009,107631
Specialist medical practitioners (number),MNE,Montenegro,2009,1102
Specialist medical practitioners (number),SUR,Suriname,2009,114
Specialist medical practitioners (number),GBR,United Kingdom of Great Britain and Northern Ireland,2009,115672
Specialist medical practitioners (number),GEO,Georgia,2009,14415
Specialist medical practitioners (number),MEX,Mexico,2009,141924
Specialist medical practitioners (number),UKR,Ukraine,2009,143956
Specialist medical practitioners (number),SRB,Serbia,2009,15162
Specialist medical practitioners (number),ISR,Israel,2009,16667
Specialist medical practitioners (number),ITA,Italy,2009,171340
Specialist medical practitioners (number),CHE,Switzerland,2009,18497
Specialist medical practitioners (number),BEL,Belgium,2009,18852
Specialist medical practitioners (number),SWE,Sweden,2009,19102
Specialist medical practitioners (number),AUT,Austria,2009,19331
Specialist medical practitioners (number),AZE,Azerbaijan,2009,19442
Specialist medical practitioners (number),PRT,Portugal,2009,20583
Specialist medical practitioners (number),ALB,Albania,2009,2050
Specialist medical practitioners (number),BGR,Bulgaria,2009,22754
Specialist medical practitioners (number),DEU,Germany,2009,225182
Specialist medical practitioners (number),NLD,Netherlands (Kingdom of the),2009,27499
Specialist medical practitioners (number),CZE,Czechia,2009,29985
Specialist medical practitioners (number),ZWE,Zimbabwe,2009,295
Specialist medical practitioners (number),EST,Estonia,2009,3003
Specialist medical practitioners (number),ROU,Romania,2009,32556
Specialist medical practitioners (number),AUS,Australia,2009,33815
Specialist medical practitioners (number),MKD,North Macedonia,2009,3580
Specialist medical practitioners (number),SVN,Slovenia,2009,3737
Specialist medical practitioners (number),GRC,Greece,2009,39298
Specialist medical practitioners (number),COM,Comoros,2009,48
Specialist medical practitioners (number),BIH,Bosnia and Herzegovina,2009,4995
Specialist medical practitioners (number),MLT,Malta,2009,515
Specialist medical practitioners (number),LVA,Latvia,2009,5438
Specialist medical practitioners (number),KAZ,Kazakhstan,2009,56499
Specialist medical practitioners (number),NZL,New Zealand,2009,5908
Specialist medical practitioners (number),UZB,Uzbekistan,2009,60515
Specialist medical practitioners (number),IRL,Ireland,2009,6003
Specialist medical practitioners (number),ARM,Armenia,2009,6442
Specialist medical practitioners (number),POL,Poland,2009,65876
Specialist medical practitioners (number),KOR,Republic of Korea,2009,68151
Specialist medical practitioners (number),TKM,Turkmenistan,2009,6936
Specialist medical practitioners (number),ISL,Iceland,2009,726
Specialist medical practitioners (number),MDA,Republic of Moldova,2009,7869
Specialist medical practitioners (number),FIN,Finland,2009,7897
Specialist medical practitioners (number),TUR,Türkiye,2009,80661
Specialist medical practitioners (number),NOR,Norway,2009,8072
Specialist medical practitioners (number),DNK,Denmark,2009,8418
Specialist medical practitioners (number),LTU,Lithuania,2009,8488
Specialist medical practitioners (number),HRV,Croatia,2009,8549
Specialist medical practitioners (number),LUX,Luxembourg,2009,954
Specialist medical practitioners (number),ESP,Spain,2008,104154
Specialist medical practitioners (number),MNE,Montenegro,2008,1075
Specialist medical practitioners (number),FRA,France,2008,108254
Specialist medical practitioners (number),GBR,United Kingdom of Great Britain and Northern Ireland,2008,111886
Specialist medical practitioners (number),UKR,Ukraine,2008,128174
Specialist medical practitioners (number),GEO,Georgia,2008,14163
Specialist medical practitioners (number),SRB,Serbia,2008,14967
Specialist medical practitioners (number),MEX,Mexico,2008,140805
Specialist medical practitioners (number),ISR,Israel,2008,16319
Specialist medical practitioners (number),CHE,Switzerland,2008,17628
Specialist medical practitioners (number),ITA,Italy,2008,170124
Specialist medical practitioners (number),BEL,Belgium,2008,18566
Specialist medical practitioners (number),SWE,Sweden,2008,18655
Specialist medical practitioners (number),AZE,Azerbaijan,2008,18692
Specialist medical practitioners (number),AUT,Austria,2008,18876
Specialist medical practitioners (number),PRT,Portugal,2008,20094
Specialist medical practitioners (number),BGR,Bulgaria,2008,22411
Specialist medical practitioners (number),DEU,Germany,2008,221420
Specialist medical practitioners (number),NLD,Netherlands (Kingdom of the),2008,26766
Specialist medical practitioners (number),CZE,Czechia,2008,29589
Specialist medical practitioners (number),AUS,Australia,2008,30675
Specialist medical practitioners (number),EST,Estonia,2008,3051
Specialist medical practitioners (number),ROU,Romania,2008,31700
Specialist medical practitioners (number),IRL,Ireland,2008,3281
Specialist medical practitioners (number),MKD,North Macedonia,2008,3578
Specialist medical practitioners (number),SVN,Slovenia,2008,3648
Specialist medical practitioners (number),GRC,Greece,2008,38428
Specialist medical practitioners (number),BIH,Bosnia and Herzegovina,2008,5024
Specialist medical practitioners (number),KAZ,Kazakhstan,2008,54573
Specialist medical practitioners (number),LVA,Latvia,2008,5717
Specialist medical practitioners (number),HRV,Croatia,2008,5778
Specialist medical practitioners (number),NZL,New Zealand,2008,5847
Specialist medical practitioners (number),UZB,Uzbekistan,2008,60997
Specialist medical practitioners (number),ARM,Armenia,2008,6481
Specialist medical practitioners (number),KOR,Republic of Korea,2008,65208
Specialist medical practitioners (number),POL,Poland,2008,65305
Specialist medical practitioners (number),MWI,Malawi,2008,67
Specialist medical practitioners (number),TKM,Turkmenistan,2008,6898
Specialist medical practitioners (number),ISL,Iceland,2008,722
Specialist medical practitioners (number),TUR,Türkiye,2008,75551
Specialist medical practitioners (number),FIN,Finland,2008,7615
Specialist medical practitioners (number),MDA,Republic of Moldova,2008,7723
Specialist medical practitioners (number),NOR,Norway,2008,7766
Specialist medical practitioners (number),DNK,Denmark,2008,8170
Specialist medical practitioners (number),LTU,Lithuania,2008,8743
Specialist medical practitioners (number),LUX,Luxembourg,2008,931
Specialist medical practitioners (number),MNE,Montenegro,2007,1032
Specialist medical practitioners (number),GBR,United Kingdom of Great Britain and Northern Ireland,2007,107317
Specialist medical practitioners (number),FRA,France,2007,107608
Specialist medical practitioners (number),UKR,Ukraine,2007,127832
Specialist medical practitioners (number),GEO,Georgia,2007,13910
Specialist medical practitioners (number),MEX,Mexico,2007,136584
Specialist medical practitioners (number),SRB,Serbia,2007,14788
Specialist medical practitioners (number),ISR,Israel,2007,16027
Specialist medical practitioners (number),ITA,Italy,2007,169108
Specialist medical practitioners (number),BEL,Belgium,2007,18059
Specialist medical practitioners (number),SWE,Sweden,2007,18382
Specialist medical practitioners (number),AUT,Austria,2007,18508
Specialist medical practitioners (number),AZE,Azerbaijan,2007,18578
Specialist medical practitioners (number),PRT,Portugal,2007,19772
Specialist medical practitioners (number),DEU,Germany,2007,218777
Specialist medical practitioners (number),BGR,Bulgaria,2007,22456
Specialist medical practitioners (number),MDV,Maldives,2007,220
Specialist medical practitioners (number),NLD,Netherlands (Kingdom of the),2007,26166
Specialist medical practitioners (number),AUS,Australia,2007,29836
Specialist medical practitioners (number),EST,Estonia,2007,2991
Specialist medical practitioners (number),ROU,Romania,2007,31106
Specialist medical practitioners (number),IRL,Ireland,2007,3134
Specialist medical practitioners (number),MKD,North Macedonia,2007,3444
Specialist medical practitioners (number),SVN,Slovenia,2007,3558
Specialist medical practitioners (number),GRC,Greece,2007,37321
Specialist medical practitioners (number),BIH,Bosnia and Herzegovina,2007,4933
Specialist medical practitioners (number),NZL,New Zealand,2007,5299
Specialist medical practitioners (number),KAZ,Kazakhstan,2007,53646
Specialist medical practitioners (number),LVA,Latvia,2007,5605
Specialist medical practitioners (number),HRV,Croatia,2007,5691
Specialist medical practitioners (number),KOR,Republic of Korea,2007,60361
Specialist medical practitioners (number),ARM,Armenia,2007,6384
Specialist medical practitioners (number),FIN,Finland,2007,6758
Specialist medical practitioners (number),TKM,Turkmenistan,2007,6851
Specialist medical practitioners (number),ISL,Iceland,2007,708
Specialist medical practitioners (number),TUR,Türkiye,2007,72086
Specialist medical practitioners (number),NOR,Norway,2007,7536
Specialist medical practitioners (number),MDA,Republic of Moldova,2007,7832
Specialist medical practitioners (number),DNK,Denmark,2007,7898
Specialist medical practitioners (number),LTU,Lithuania,2007,8751
Specialist medical practitioners (number),LUX,Luxembourg,2007,901
Specialist medical practitioners (number),ESP,Spain,2007,99004
Specialist medical practitioners (number),GBR,United Kingdom of Great Britain and Northern Ireland,2006,104987
Specialist medical practitioners (number),MNE,Montenegro,2006,1046
Specialist medical practitioners (number),FRA,France,2006,107317
Specialist medical practitioners (number),UKR,Ukraine,2006,128811
Specialist medical practitioners (number),MEX,Mexico,2006,132045
Specialist medical practitioners (number),GEO,Georgia,2006,14009
Specialist medical practitioners (number),SRB,Serbia,2006,14682
Specialist medical practitioners (number),ISR,Israel,2006,15703
Specialist medical practitioners (number),ITA,Italy,2006,164833
Specialist medical practitioners (number),BEL,Belgium,2006,17528
Specialist medical practitioners (number),SWE,Sweden,2006,17855
Specialist medical practitioners (number),AZE,Azerbaijan,2006,17993
Specialist medical practitioners (number),AUT,Austria,2006,18037
Specialist medical practitioners (number),PRT,Portugal,2006,19444
Specialist medical practitioners (number),DEU,Germany,2006,214581
Specialist medical practitioners (number),BGR,Bulgaria,2006,22565
Specialist medical practitioners (number),NLD,Netherlands (Kingdom of the),2006,25914
Specialist medical practitioners (number),AUS,Australia,2006,27192
Specialist medical practitioners (number),IRL,Ireland,2006,2792
Specialist medical practitioners (number),ROU,Romania,2006,29171
Specialist medical practitioners (number),EST,Estonia,2006,2952
Specialist medical practitioners (number),MKD,North Macedonia,2006,3461
Specialist medical practitioners (number),SVN,Slovenia,2006,3487
Specialist medical practitioners (number),GRC,Greece,2006,36189
Specialist medical practitioners (number),BIH,Bosnia and Herzegovina,2006,4676
Specialist medical practitioners (number),NZL,New Zealand,2006,5045
Specialist medical practitioners (number),KAZ,Kazakhstan,2006,54208
Specialist medical practitioners (number),LVA,Latvia,2006,5415
Specialist medical practitioners (number),HRV,Croatia,2006,5608
Specialist medical practitioners (number),KOR,Republic of Korea,2006,57536
Specialist medical practitioners (number),ARM,Armenia,2006,6309
Specialist medical practitioners (number),FIN,Finland,2006,6486
Specialist medical practitioners (number),TUR,Türkiye,2006,69332
Specialist medical practitioners (number),ISL,Iceland,2006,696
Specialist medical practitioners (number),TKM,Turkmenistan,2006,7056
Specialist medical practitioners (number),NOR,Norway,2006,7276
Specialist medical practitioners (number),DNK,Denmark,2006,7799
Specialist medical practitioners (number),MDA,Republic of Moldova,2006,7829
Specialist medical practitioners (number),LUX,Luxembourg,2006,853
Specialist medical practitioners (number),LTU,Lithuania,2006,8892
Specialist medical practitioners (number),ESP,Spain,2006,94160
Specialist medical practitioners (number),MNE,Montenegro,2005,1003
Specialist medical practitioners (number),GBR,United Kingdom of Great Britain and Northern Ireland,2005,101214
Specialist medical practitioners (number),FRA,France,2005,106643
Specialist medical practitioners (number),MEX,Mexico,2005,119797
Specialist medical practitioners (number),UKR,Ukraine,2005,126609
Specialist medical practitioners (number),GEO,Georgia,2005,13637
Specialist medical practitioners (number),SRB,Serbia,2005,14845
Specialist medical practitioners (number),ISR,Israel,2005,15465
Specialist medical practitioners (number),ITA,Italy,2005,163978
Specialist medical practitioners (number),BEL,Belgium,2005,17172
Specialist medical practitioners (number),SWE,Sweden,2005,17354
Specialist medical practitioners (number),AUT,Austria,2005,17365
Specialist medical practitioners (number),AZE,Azerbaijan,2005,17741
Specialist medical practitioners (number),ROU,Romania,2005,17914
Specialist medical practitioners (number),PRT,Portugal,2005,19066
Specialist medical practitioners (number),DEU,Germany,2005,209976
Specialist medical practitioners (number),BGR,Bulgaria,2005,22543
Specialist medical practitioners (number),NLD,Netherlands (Kingdom of the),2005,25016
Specialist medical practitioners (number),AUS,Australia,2005,25547
Specialist medical practitioners (number),IRL,Ireland,2005,2524
Specialist medical practitioners (number),CZE,Czechia,2005,28958
Specialist medical practitioners (number),ZWE,Zimbabwe,2005,295
Specialist medical practitioners (number),EST,Estonia,2005,2962
Specialist medical practitioners (number),MKD,North Macedonia,2005,3052
Specialist medical practitioners (number),SVN,Slovenia,2005,3452
Specialist medical practitioners (number),GRC,Greece,2005,35074
Specialist medical practitioners (number),LAO,Lao People's Democratic Republic,2005,373
Specialist medical practitioners (number),NZL,New Zealand,2005,4535
Specialist medical practitioners (number),BIH,Bosnia and Herzegovina,2005,4574
Specialist medical practitioners (number),KAZ,Kazakhstan,2005,53000
Specialist medical practitioners (number),LVA,Latvia,2005,5326
Specialist medical practitioners (number),KOR,Republic of Korea,2005,54563
Specialist medical practitioners (number),HRV,Croatia,2005,5456
Specialist medical practitioners (number),ARM,Armenia,2005,6304
Specialist medical practitioners (number),FIN,Finland,2005,6329
Specialist medical practitioners (number),TUR,Türkiye,2005,67760
Specialist medical practitioners (number),ISL,Iceland,2005,692
Specialist medical practitioners (number),NOR,Norway,2005,7030
Specialist medical practitioners (number),TKM,Turkmenistan,2005,7274
Specialist medical practitioners (number),DNK,Denmark,2005,7631
Specialist medical practitioners (number),MDA,Republic of Moldova,2005,7841
Specialist medical practitioners (number),LUX,Luxembourg,2005,826
Specialist medical practitioners (number),LTU,Lithuania,2005,8699
Specialist medical practitioners (number),ESP,Spain,2005,90305
Specialist medical practitioners (number),FRA,France,2004,105748
Specialist medical practitioners (number),MEX,Mexico,2004,109228
Specialist medical practitioners (number),UKR,Ukraine,2004,128159
Specialist medical practitioners (number),GEO,Georgia,2004,13623
Specialist medical practitioners (number),SRB,Serbia,2004,15051
Specialist medical practitioners (number),ISR,Israel,2004,15232
Specialist medical practitioners (number),AUT,Austria,2004,16721
Specialist medical practitioners (number),BEL,Belgium,2004,16853
Specialist medical practitioners (number),SWE,Sweden,2004,16952
Specialist medical practitioners (number),ITA,Italy,2004,161868
Specialist medical practitioners (number),AZE,Azerbaijan,2004,17419
Specialist medical practitioners (number),ROU,Romania,2004,17988
Specialist medical practitioners (number),PRT,Portugal,2004,18655
Specialist medical practitioners (number),DEU,Germany,2004,208328
Specialist medical practitioners (number),BGR,Bulgaria,2004,21721
Specialist medical practitioners (number),NLD,Netherlands (Kingdom of the),2004,23477
Specialist medical practitioners (number),AUS,Australia,2004,24378
Specialist medical practitioners (number),EST,Estonia,2004,3012
Specialist medical practitioners (number),MKD,North Macedonia,2004,3025
Specialist medical practitioners (number),BIH,Bosnia and Herzegovina,2004,4513
Specialist medical practitioners (number),NZL,New Zealand,2004,4534
Specialist medical practitioners (number),HRV,Croatia,2004,4980
Specialist medical practitioners (number),KOR,Republic of Korea,2004,52269
Specialist medical practitioners (number),KAZ,Kazakhstan,2004,52551
Specialist medical practitioners (number),ARM,Armenia,2004,6096
Specialist medical practitioners (number),FIN,Finland,2004,6195
Specialist medical practitioners (number),TUR,Türkiye,2004,66001
Specialist medical practitioners (number),NOR,Norway,2004,6633
Specialist medical practitioners (number),MDA,Republic of Moldova,2004,7014
Specialist medical practitioners (number),DNK,Denmark,2004,7380
Specialist medical practitioners (number),TKM,Turkmenistan,2004,7788
Specialist medical practitioners (number),LTU,Lithuania,2004,8803
Specialist medical practitioners (number),GBR,United Kingdom of Great Britain and Northern Ireland,2004,96921
Specialist medical practitioners (number),MEX,Mexico,2003,100527
Specialist medical practitioners (number),FRA,France,2003,104336
Specialist medical practitioners (number),UKR,Ukraine,2003,129453
Specialist medical practitioners (number),GEO,Georgia,2003,13859
Specialist medical practitioners (number),ISR,Israel,2003,14895
Specialist medical practitioners (number),SRB,Serbia,2003,15076
Specialist medical practitioners (number),ITA,Italy,2003,157663
Specialist medical practitioners (number),AUT,Austria,2003,16178
Specialist medical practitioners (number),SWE,Sweden,2003,16325
Specialist medical practitioners (number),BEL,Belgium,2003,16568
Specialist medical practitioners (number),AZE,Azerbaijan,2003,17221
Specialist medical practitioners (number),PRT,Portugal,2003,18144
Specialist medical practitioners (number),DEU,Germany,2003,203957
Specialist medical practitioners (number),BGR,Bulgaria,2003,22567
Specialist medical practitioners (number),AUS,Australia,2003,22692
Specialist medical practitioners (number),NLD,Netherlands (Kingdom of the),2003,22949
Specialist medical practitioners (number),MKD,North Macedonia,2003,2951
Specialist medical practitioners (number),EST,Estonia,2003,3011
Specialist medical practitioners (number),BIH,Bosnia and Herzegovina,2003,4396
Specialist medical practitioners (number),NZL,New Zealand,2003,4455
Specialist medical practitioners (number),HRV,Croatia,2003,4900
Specialist medical practitioners (number),KAZ,Kazakhstan,2003,52795
Specialist medical practitioners (number),ARM,Armenia,2003,6151
Specialist medical practitioners (number),TUR,Türkiye,2003,64014
Specialist medical practitioners (number),NOR,Norway,2003,6444
Specialist medical practitioners (number),DNK,Denmark,2003,7030
Specialist medical practitioners (number),MDA,Republic of Moldova,2003,7079
Specialist medical practitioners (number),TKM,Turkmenistan,2003,7697
Specialist medical practitioners (number),FIN,Finland,2003,8669
Specialist medical practitioners (number),GBR,United Kingdom of Great Britain and Northern Ireland,2003,89625
Specialist medical practitioners (number),LTU,Lithuania,2003,8990
Specialist medical practitioners (number),FRA,France,2002,103280
Specialist medical practitioners (number),UKR,Ukraine,2002,131489
Specialist medical practitioners (number),GEO,Georgia,2002,14012
Specialist medical practitioners (number),ISR,Israel,2002,14712
Specialist medical practitioners (number),AUT,Austria,2002,15613
Specialist medical practitioners (number),SWE,Sweden,2002,15935
Specialist medical practitioners (number),ITA,Italy,2002,153921
Specialist medical practitioners (number),BEL,Belgium,2002,16406
Specialist medical practitioners (number),ROU,Romania,2002,16917
Specialist medical practitioners (number),AZE,Azerbaijan,2002,17010
Specialist medical practitioners (number),PRT,Portugal,2002,17830
Specialist medical practitioners (number),DEU,Germany,2002,200803
Specialist medical practitioners (number),AUS,Australia,2002,21904
Specialist medical practitioners (number),BGR,Bulgaria,2002,21928
Specialist medical practitioners (number),NLD,Netherlands (Kingdom of the),2002,22510
Specialist medical practitioners (number),MKD,North Macedonia,2002,2954
Specialist medical practitioners (number),EST,Estonia,2002,3026
Specialist medical practitioners (number),NZL,New Zealand,2002,4198
Specialist medical practitioners (number),HRV,Croatia,2002,4799
Specialist medical practitioners (number),KAZ,Kazakhstan,2002,51717
Specialist medical practitioners (number),NOR,Norway,2002,6057
Specialist medical practitioners (number),TUR,Türkiye,2002,61659
Specialist medical practitioners (number),ARM,Armenia,2002,6446
Specialist medical practitioners (number),DNK,Denmark,2002,6878
Specialist medical practitioners (number),MDA,Republic of Moldova,2002,7236
Specialist medical practitioners (number),TKM,Turkmenistan,2002,7800
Specialist medical practitioners (number),FIN,Finland,2002,8388
Specialist medical practitioners (number),GBR,United Kingdom of Great Britain and Northern Ireland,2002,85190
Specialist medical practitioners (number),LTU,Lithuania,2002,9198
Specialist medical practitioners (number),MEX,Mexico,2002,92370
Specialist medical practitioners (number),FRA,France,2001,101685
Specialist medical practitioners (number),GEO,Georgia,2001,13810
Specialist medical practitioners (number),UKR,Ukraine,2001,133358
Specialist medical practitioners (number),ISR,Israel,2001,14303
Specialist medical practitioners (number),AUT,Austria,2001,15205
Specialist medical practitioners (number),SWE,Sweden,2001,15468
Specialist medical practitioners (number),ITA,Italy,2001,150891
Specialist medical practitioners (number),BEL,Belgium,2001,16032
Specialist medical practitioners (number),AZE,Azerbaijan,2001,17141
Specialist medical practitioners (number),PRT,Portugal,2001,17548
Specialist medical practitioners (number),DEU,Germany,2001,197552
Specialist medical practitioners (number),AUS,Australia,2001,20573
Specialist medical practitioners (number),NLD,Netherlands (Kingdom of the),2001,21384
Specialist medical practitioners (number),MKD,North Macedonia,2001,2894
Specialist medical practitioners (number),EST,Estonia,2001,2938
Specialist medical practitioners (number),NZL,New Zealand,2001,4244
Specialist medical practitioners (number),HRV,Croatia,2001,4776
Specialist medical practitioners (number),KAZ,Kazakhstan,2001,49055
Specialist medical practitioners (number),TUR,Türkiye,2001,60474
Specialist medical practitioners (number),ARM,Armenia,2001,6592
Specialist medical practitioners (number),DNK,Denmark,2001,6606
Specialist medical practitioners (number),MDA,Republic of Moldova,2001,7319
Specialist medical practitioners (number),TKM,Turkmenistan,2001,7640
Specialist medical practitioners (number),GBR,United Kingdom of Great Britain and Northern Ireland,2001,81022
Specialist medical practitioners (number),FIN,Finland,2001,8118
Specialist medical practitioners (number),MEX,Mexico,2001,89055
Specialist medical practitioners (number),LTU,Lithuania,2001,9372
Specialist medical practitioners (number),ISR,Israel,2000,13856
Specialist medical practitioners (number),UKR,Ukraine,2000,134962
Specialist medical practitioners (number),AUT,Austria,2000,14536
Specialist medical practitioners (number),GEO,Georgia,2000,14537
Specialist medical practitioners (number),ITA,Italy,2000,147845
Specialist medical practitioners (number),SWE,Sweden,2000,15102
Specialist medical practitioners (number),BEL,Belgium,2000,15685
Specialist medical practitioners (number),CYP,Cyprus,2000,1512
Specialist medical practitioners (number),AZE,Azerbaijan,2000,16772
Specialist medical practitioners (number),PRT,Portugal,2000,17255
Specialist medical practitioners (number),AUS,Australia,2000,19388
Specialist medical practitioners (number),DEU,Germany,2000,193956
Specialist medical practitioners (number),NLD,Netherlands (Kingdom of the),2000,20369
Specialist medical practitioners (number),MKD,North Macedonia,2000,2892
Specialist medical practitioners (number),ZWE,Zimbabwe,2000,297
Specialist medical practitioners (number),EST,Estonia,2000,3049
Specialist medical practitioners (number),NZL,New Zealand,2000,4267
Specialist medical practitioners (number),KAZ,Kazakhstan,2000,46726
Specialist medical practitioners (number),HRV,Croatia,2000,4699
Specialist medical practitioners (number),TUR,Türkiye,2000,57528
Specialist medical practitioners (number),DNK,Denmark,2000,6495
Specialist medical practitioners (number),ARM,Armenia,2000,6817
Specialist medical practitioners (number),TKM,Turkmenistan,2000,7464
Specialist medical practitioners (number),MDA,Republic of Moldova,2000,7798
Specialist medical practitioners (number),GBR,United Kingdom of Great Britain and Northern Ireland,2000,78234
Specialist medical practitioners (number),FIN,Finland,2000,7863
Specialist medical practitioners (number),LTU,Lithuania,2000,9642
Specialist medical practitioners (number),MEX,Mexico,2000,97959
Specialist medical practitioners (number),FRA,France,2000,99794
Specialist medical practitioners (number),MEX,Mexico,1999,103641
Specialist medical practitioners (number),AUT,Austria,1999,13880
Specialist medical practitioners (number),SWE,Sweden,1999,14759
Specialist medical practitioners (number),GEO,Georgia,1999,14884
Specialist medical practitioners (number),PRT,Portugal,1999,16433
Specialist medical practitioners (number),AZE,Azerbaijan,1999,16627
Specialist medical practitioners (number),NLD,Netherlands (Kingdom of the),1999,19187
Specialist medical practitioners (number),AUS,Australia,1999,19395
Specialist medical practitioners (number),DEU,Germany,1999,192157
Specialist medical practitioners (number),MKD,North Macedonia,1999,2559
Specialist medical practitioners (number),EST,Estonia,1999,3173
Specialist medical practitioners (number),TUR,Türkiye,1999,33505
Specialist medical practitioners (number),KAZ,Kazakhstan,1999,47976
Specialist medical practitioners (number),DNK,Denmark,1999,6278
Specialist medical practitioners (number),FIN,Finland,1999,7593
Specialist medical practitioners (number),FRA,France,1999,99144
Specialist medical practitioners (number),LTU,Lithuania,1999,9939
Specialist medical practitioners (number),LTU,Lithuania,1998,10209
Specialist medical practitioners (number),MEX,Mexico,1998,101465
Specialist medical practitioners (number),AUT,Austria,1998,13707
Specialist medical practitioners (number),SWE,Sweden,1998,14535
Specialist medical practitioners (number),ROU,Romania,1998,14554
Specialist medical practitioners (number),GEO,Georgia,1998,15037
Specialist medical practitioners (number),PRT,Portugal,1998,16470
Specialist medical practitioners (number),AZE,Azerbaijan,1998,16601
Specialist medical practitioners (number),AUS,Australia,1998,18493
Specialist medical practitioners (number),DEU,Germany,1998,190575
Specialist medical practitioners (number),MKD,North Macedonia,1998,2658
Specialist medical practitioners (number),TUR,Türkiye,1998,31024
Specialist medical practitioners (number),EST,Estonia,1998,3213
Specialist medical practitioners (number),KAZ,Kazakhstan,1998,50562
Specialist medical practitioners (number),DNK,Denmark,1998,6135
Specialist medical practitioners (number),FIN,Finland,1998,7313
Specialist medical practitioners (number),FRA,France,1998,97788
Specialist medical practitioners (number),LTU,Lithuania,1997,10470
Specialist medical practitioners (number),AUT,Austria,1997,12892
Specialist medical practitioners (number),SWE,Sweden,1997,14211
Specialist medical practitioners (number),GEO,Georgia,1997,14569
Specialist medical practitioners (number),PRT,Portugal,1997,15902
Specialist medical practitioners (number),AZE,Azerbaijan,1997,16315
Specialist medical practitioners (number),AUS,Australia,1997,17717
Specialist medical practitioners (number),DEU,Germany,1997,187793
Specialist medical practitioners (number),MKD,North Macedonia,1997,2636
Specialist medical practitioners (number),TUR,Türkiye,1997,29473
Specialist medical practitioners (number),KAZ,Kazakhstan,1997,49351
Specialist medical practitioners (number),DNK,Denmark,1997,5875
Specialist medical practitioners (number),FIN,Finland,1997,7035
Specialist medical practitioners (number),FRA,France,1997,96532
Specialist medical practitioners (number),MEX,Mexico,1997,99074
Specialist medical practitioners (number),LTU,Lithuania,1996,10464
Specialist medical practitioners (number),AUT,Austria,1996,12153
Specialist medical practitioners (number),GEO,Georgia,1996,12161
Specialist medical practitioners (number),SWE,Sweden,1996,14323
Specialist medical practitioners (number),PRT,Portugal,1996,15309
Specialist medical practitioners (number),AZE,Azerbaijan,1996,16364
Specialist medical practitioners (number),DEU,Germany,1996,186560
Specialist medical practitioners (number),MKD,North Macedonia,1996,2588
Specialist medical practitioners (number),TUR,Türkiye,1996,28245
Specialist medical practitioners (number),KAZ,Kazakhstan,1996,55038
Specialist medical practitioners (number),DNK,Denmark,1996,5624
Specialist medical practitioners (number),FIN,Finland,1996,6775
Specialist medical practitioners (number),FRA,France,1996,94678
Specialist medical practitioners (number),MEX,Mexico,1996,97585
Specialist medical practitioners (number),LTU,Lithuania,1995,10587
Specialist medical practitioners (number),AUT,Austria,1995,11366
Specialist medical practitioners (number),CYP,Cyprus,1995,1269
Specialist medical practitioners (number),SWE,Sweden,1995,14223
Specialist medical practitioners (number),PRT,Portugal,1995,14252
Specialist medical practitioners (number),AZE,Azerbaijan,1995,16525
Specialist medical practitioners (number),DEU,Germany,1995,183241
Specialist medical practitioners (number),MKD,North Macedonia,1995,2545
Specialist medical practitioners (number),TUR,Türkiye,1995,26943
Specialist medical practitioners (number),DNK,Denmark,1995,5398
Specialist medical practitioners (number),KAZ,Kazakhstan,1995,56981
Specialist medical practitioners (number),FIN,Finland,1995,6531
Specialist medical practitioners (number),FRA,France,1995,93168
Specialist medical practitioners (number),MEX,Mexico,1995,96642
Specialist medical practitioners (number),LTU,Lithuania,1994,10693
Specialist medical practitioners (number),AUT,Austria,1994,10706
Specialist medical practitioners (number),ROU,Romania,1994,12592
Specialist medical practitioners (number),PRT,Portugal,1994,12770
Specialist medical practitioners (number),AZE,Azerbaijan,1994,16242
Specialist medical practitioners (number),DEU,Germany,1994,178797
Specialist medical practitioners (number),MKD,North Macedonia,1994,2427
Specialist medical practitioners (number),TUR,Türkiye,1994,25670
Specialist medical practitioners (number),DNK,Denmark,1994,5113
Specialist medical practitioners (number),KAZ,Kazakhstan,1994,57831
Specialist medical practitioners (number),FIN,Finland,1994,6283
Specialist medical practitioners (number),MEX,Mexico,1994,85766
Specialist medical practitioners (number),FRA,France,1994,91731
Specialist medical practitioners (number),AUT,Austria,1993,10055
Specialist medical practitioners (number),LTU,Lithuania,1993,10590
Specialist medical practitioners (number),PRT,Portugal,1993,11804
Specialist medical practitioners (number),CYP,Cyprus,1993,1212
Specialist medical practitioners (number),AZE,Azerbaijan,1993,16237
Specialist medical practitioners (number),DEU,Germany,1993,173803
Specialist medical practitioners (number),MKD,North Macedonia,1993,2361
Specialist medical practitioners (number),TUR,Türkiye,1993,24482
Specialist medical practitioners (number),DNK,Denmark,1993,4830
Specialist medical practitioners (number),FIN,Finland,1993,5984
Specialist medical practitioners (number),KAZ,Kazakhstan,1993,61048
Specialist medical practitioners (number),MEX,Mexico,1993,77823
Specialist medical practitioners (number),FRA,France,1993,90081
Specialist medical practitioners (number),LTU,Lithuania,1992,10933
Specialist medical practitioners (number),CYP,Cyprus,1992,1145
Specialist medical practitioners (number),AZE,Azerbaijan,1992,16062
Specialist medical practitioners (number),DEU,Germany,1992,167393
Specialist medical practitioners (number),MKD,North Macedonia,1992,2495
Specialist medical practitioners (number),TUR,Türkiye,1992,25587
Specialist medical practitioners (number),DNK,Denmark,1992,4626
Specialist medical practitioners (number),FIN,Finland,1992,5666
Specialist medical practitioners (number),KAZ,Kazakhstan,1992,62738
Specialist medical practitioners (number),MEX,Mexico,1992,64308
Specialist medical practitioners (number),FRA,France,1992,86379
Specialist medical practitioners (number),PRT,Portugal,1992,8850
Specialist medical practitioners (number),AUT,Austria,1992,9557
Specialist medical practitioners (number),CYP,Cyprus,1991,1060
Specialist medical practitioners (number),AZE,Azerbaijan,1991,16350
Specialist medical practitioners (number),DEU,Germany,1991,161930
Specialist medical practitioners (number),MKD,North Macedonia,1991,2387
Specialist medical practitioners (number),TUR,Türkiye,1991,26337
Specialist medical practitioners (number),DNK,Denmark,1991,4400
Specialist medical practitioners (number),MEX,Mexico,1991,52147
Specialist medical practitioners (number),FIN,Finland,1991,5350
Specialist medical practitioners (number),KAZ,Kazakhstan,1991,60858
Specialist medical practitioners (number),FRA,France,1991,84180
Specialist medical practitioners (number),PRT,Portugal,1991,8477
Specialist medical practitioners (number),AUT,Austria,1991,9085
Specialist medical practitioners (number),CYP,Cyprus,1990,1007
Specialist medical practitioners (number),AZE,Azerbaijan,1990,16058
Specialist medical practitioners (number),TUR,Türkiye,1990,24900
Specialist medical practitioners (number),MKD,North Macedonia,1990,2421
Specialist medical practitioners (number),MEX,Mexico,1990,40036
Specialist medical practitioners (number),DNK,Denmark,1990,4293
Specialist medical practitioners (number),FIN,Finland,1990,4981
Specialist medical practitioners (number),KAZ,Kazakhstan,1990,62448
Specialist medical practitioners (number),PRT,Portugal,1990,8140
Specialist medical practitioners (number),FRA,France,1990,82365
Specialist medical practitioners (number),AUT,Austria,1990,8761
Specialist medical practitioners (number),TUR,Türkiye,1989,23750
Specialist medical practitioners (number),DNK,Denmark,1989,4116
Specialist medical practitioners (number),FIN,Finland,1989,4673
Specialist medical practitioners (number),KAZ,Kazakhstan,1989,61622
Specialist medical practitioners (number),PRT,Portugal,1989,7791
Specialist medical practitioners (number),AUT,Austria,1989,8451
Specialist medical practitioners (number),CYP,Cyprus,1989,983
Specialist medical practitioners (number),TUR,Türkiye,1988,22318
Specialist medical practitioners (number),DNK,Denmark,1988,4027
Specialist medical practitioners (number),FIN,Finland,1988,4398
Specialist medical practitioners (number),KAZ,Kazakhstan,1988,59484
Specialist medical practitioners (number),PRT,Portugal,1988,7518
Specialist medical practitioners (number),AUT,Austria,1988,8157
Specialist medical practitioners (number),TUR,Türkiye,1987,21411
Specialist medical practitioners (number),DNK,Denmark,1987,3794
Specialist medical practitioners (number),FIN,Finland,1987,4125
Specialist medical practitioners (number),KAZ,Kazakhstan,1987,57453
Specialist medical practitioners (number),PRT,Portugal,1987,7108
Specialist medical practitioners (number),AUT,Austria,1987,7870
Specialist medical practitioners (number),TUR,Türkiye,1986,21023
Specialist medical practitioners (number),DNK,Denmark,1986,3744
Specialist medical practitioners (number),FIN,Finland,1986,3876
Specialist medical practitioners (number),KAZ,Kazakhstan,1986,55637
Specialist medical practitioners (number),PRT,Portugal,1986,6832
Specialist medical practitioners (number),AUT,Austria,1986,7582
Specialist medical practitioners (number),CYP,Cyprus,1986,773
Specialist medical practitioners (number),TUR,Türkiye,1985,20878
Specialist medical practitioners (number),FIN,Finland,1985,3643
Specialist medical practitioners (number),DNK,Denmark,1985,3648
Specialist medical practitioners (number),KAZ,Kazakhstan,1985,53511
Specialist medical practitioners (number),PRT,Portugal,1985,6591
Specialist medical practitioners (number),AUT,Austria,1985,7410
Specialist medical practitioners (number),CYP,Cyprus,1985,846
Specialist medical practitioners (number),TUR,Türkiye,1984,20031
Specialist medical practitioners (number),DNK,Denmark,1984,3542
Specialist medical practitioners (number),KAZ,Kazakhstan,1984,50925
Specialist medical practitioners (number),PRT,Portugal,1984,6392
Specialist medical practitioners (number),AUT,Austria,1984,7363
Specialist medical practitioners (number),TUR,Türkiye,1983,19140
Specialist medical practitioners (number),DNK,Denmark,1983,3219
Specialist medical practitioners (number),KAZ,Kazakhstan,1983,48756
Specialist medical practitioners (number),PRT,Portugal,1983,6346
Specialist medical practitioners (number),AUT,Austria,1983,7195
Specialist medical practitioners (number),TUR,Türkiye,1982,18699
Specialist medical practitioners (number),DNK,Denmark,1982,3066
Specialist medical practitioners (number),KAZ,Kazakhstan,1982,45800
Specialist medical practitioners (number),PRT,Portugal,1982,6102
Specialist medical practitioners (number),AUT,Austria,1982,6989
Specialist medical practitioners (number),TUR,Türkiye,1981,17667
Specialist medical practitioners (number),DNK,Denmark,1981,2866
Specialist medical practitioners (number),KAZ,Kazakhstan,1981,44280
Specialist medical practitioners (number),PRT,Portugal,1981,5686
Specialist medical practitioners (number),AUT,Austria,1981,6800
Specialist medical practitioners (number),TUR,Türkiye,1980,16699
Specialist medical practitioners (number),FIN,Finland,1980,2402
Specialist medical practitioners (number),DNK,Denmark,1980,2774
Specialist medical practitioners (number),KAZ,Kazakhstan,1980,42480
Specialist medical practitioners (number),PRT,Portugal,1980,5497
Specialist medical practitioners (number),AUT,Austria,1980,6590
