type,name,release
1,1-Lot 1,0
1,1-Lot 2,0
1,1-Lot 3,0
1,1-Lot 4,0
1,1-Lot 5,0
1,1-Lot 6,0
1,1-Lot 7,0
1,1-Lot 8,0
1,1-Lot 9,0
1,1-Lot 10,0
1,1-Lot 11,0
1,1-Lot 12,0
1,1-Lot 13,0
1,1-Lot 14,0
1,1-Lot 15,0
1,1-Lot 16,0
1,1-Lot 17,0
1,1-Lot 18,0
1,1-Lot 19,0
1,1-Lot 20,0
1,1-Lot 21,0
1,1-Lot 22,0
1,1-Lot 23,0
1,1-Lot 24,0
1,1-Lot 25,0
1,1-Lot 26,0
1,1-Lot 27,0
1,1-Lot 28,0
1,1-Lot 29,0
1,1-Lot 30,0
1,1-Lot 31,0
1,1-Lot 32,0
1,1-Lot 33,0
1,1-Lot 34,0
1,1-Lot 35,0
1,1-Lot 36,0
1,1-Lot 37,0
1,1-Lot 38,0
1,1-Lot 39,0
1,1-Lot 40,0
1,1-Lot 41,0
1,1-Lot 42,0
1,1-Lot 43,0
1,1-Lot 44,0
1,1-Lot 45,0
1,1-Lot 46,0
1,1-Lot 47,0
1,1-Lot 48,0
1,1-Lot 49,0
1,1-Lot 50,0
2,2-Lot 1,0
2,2-Lot 2,0
2,2-Lot 3,0
2,2-Lot 4,0
2,2-Lot 5,0
2,2-Lot 6,0
2,2-Lot 7,0
2,2-Lot 8,0
2,2-Lot 9,0
2,2-Lot 10,0
2,2-Lot 11,0
2,2-Lot 12,0
2,2-Lot 13,0
2,2-Lot 14,0
2,2-Lot 15,0
2,2-Lot 16,0
2,2-Lot 17,0
2,2-Lot 18,0
2,2-Lot 19,0
2,2-Lot 20,0
2,2-Lot 21,0
2,2-Lot 22,0
2,2-Lot 23,0
2,2-Lot 24,0
2,2-Lot 25,0
2,2-Lot 26,0
2,2-Lot 27,0
2,2-Lot 28,0
2,2-Lot 29,0
2,2-Lot 30,0
2,2-Lot 31,0
2,2-Lot 32,0
2,2-Lot 33,0
2,2-Lot 34,0
2,2-Lot 35,0
2,2-Lot 36,0
2,2-Lot 37,0
2,2-Lot 38,0
2,2-Lot 39,0
2,2-Lot 40,0
2,2-Lot 41,0
2,2-Lot 42,0
2,2-Lot 43,0
2,2-Lot 44,0
2,2-Lot 45,0
2,2-Lot 46,0
2,2-Lot 47,0
2,2-Lot 48,0
2,2-Lot 49,0
2,2-Lot 50,0
3,3-Lot 1,0
3,3-Lot 2,0
3,3-Lot 3,0
3,3-Lot 4,0
3,3-Lot 5,0
3,3-Lot 6,0
3,3-Lot 7,0
3,3-Lot 8,0
3,3-Lot 9,0
3,3-Lot 10,0
3,3-Lot 11,0
3,3-Lot 12,0
3,3-Lot 13,0
3,3-Lot 14,0
3,3-Lot 15,0
3,3-Lot 16,0
3,3-Lot 17,0
3,3-Lot 18,0
3,3-Lot 19,0
3,3-Lot 20,0
3,3-Lot 21,0
3,3-Lot 22,0
3,3-Lot 23,0
3,3-Lot 24,0
3,3-Lot 25,0
3,3-Lot 26,0
3,3-Lot 27,0
3,3-Lot 28,0
3,3-Lot 29,0
3,3-Lot 30,0
3,3-Lot 31,0
3,3-Lot 32,0
3,3-Lot 33,0
3,3-Lot 34,0
3,3-Lot 35,0
3,3-Lot 36,0
3,3-Lot 37,0
3,3-Lot 38,0
3,3-Lot 39,0
3,3-Lot 40,0
3,3-Lot 41,0
3,3-Lot 42,0
3,3-Lot 43,0
3,3-Lot 44,0
3,3-Lot 45,0
3,3-Lot 46,0
3,3-Lot 47,0
3,3-Lot 48,0
3,3-Lot 49,0
3,3-Lot 50,0
